{"WU": {"OH WR": {"\u03bc": 52.945631067961145, "\u03c3": 16.770641688975584}, "GIH WR": {"\u03bc": 56.27747747747745, "\u03c3": 12.818249129814767}, "IWD": {"\u03bc": 5.694017857142859, "\u03c3": 20.617439478328492}}, "WB": {"OH WR": {"\u03bc": 55.47405660377359, "\u03c3": 12.540659779090939}, "GIH WR": {"\u03bc": 57.504672897196265, "\u03c3": 11.473043442242483}, "IWD": {"\u03bc": 3.3902666666666668, "\u03c3": 19.6253389931373}}, "WR": {"OH WR": {"\u03bc": 54.95343915343917, "\u03c3": 14.438823741197426}, "GIH WR": {"\u03bc": 54.50495049504951, "\u03c3": 13.381118485696268}, "IWD": {"\u03bc": -1.8543601895734598, "\u03c3": 19.823812932627238}}, "WG": {"OH WR": {"\u03bc": 52.692417061611344, "\u03c3": 12.662525946750355}, "GIH WR": {"\u03bc": 54.96803652968035, "\u03c3": 11.395079498803586}, "IWD": {"\u03bc": 1.417894736842105, "\u03c3": 15.703781083061148}}, "UB": {"OH WR": {"\u03bc": 53.27523364485981, "\u03c3": 14.372783654954912}, "GIH WR": {"\u03bc": 58.3819004524887, "\u03c3": 10.97530498278765}, "IWD": {"\u03bc": 6.078318584070798, "\u03c3": 15.093617704279154}}, "UR": {"OH WR": {"\u03bc": 52.821495327102795, "\u03c3": 12.334644834147339}, "GIH WR": {"\u03bc": 56.04096916299561, "\u03c3": 12.095287790123948}, "IWD": {"\u03bc": 3.205482456140354, "\u03c3": 14.386623759183001}}, "UG": {"OH WR": {"\u03bc": 50.46525821596241, "\u03c3": 14.202238617233423}, "GIH WR": {"\u03bc": 53.29406392694062, "\u03c3": 11.110343669416094}, "IWD": {"\u03bc": 5.588407079646019, "\u03c3": 17.190491638470938}}, "BR": {"OH WR": {"\u03bc": 54.99360730593609, "\u03c3": 14.209343355184197}, "GIH WR": {"\u03bc": 57.291964285714286, "\u03c3": 11.935373882414}, "IWD": {"\u03bc": 1.1474672489082969, "\u03c3": 18.949527782827708}}, "BG": {"OH WR": {"\u03bc": 54.1837837837838, "\u03c3": 16.069996331031835}, "GIH WR": {"\u03bc": 57.1491304347826, "\u03c3": 11.802047505870023}, "IWD": {"\u03bc": 3.4218987341772156, "\u03c3": 19.72215195736529}}, "RG": {"OH WR": {"\u03bc": 53.37014925373134, "\u03c3": 11.661473093228471}, "GIH WR": {"\u03bc": 55.22777777777778, "\u03c3": 12.30756567479963}, "IWD": {"\u03bc": 1.5842081447963794, "\u03c3": 17.499439808283416}}, "all": {"OH WR": {"\u03bc": 53.6513409961686, "\u03c3": 6.407912981341266}, "GIH WR": {"\u03bc": 56.217241379310316, "\u03c3": 5.090225180678344}, "IWD": {"\u03bc": 2.9723754789272028, "\u03c3": 4.284199844015219}}}