{"WU": {"OH WR": {"\u03bc": 0, "\u03c3": 0}, "GIH WR": {"\u03bc": 0, "\u03c3": 0}, "IWD": {"\u03bc": 4.48, "\u03c3": 0.0}}, "WB": {"OH WR": {"\u03bc": 0, "\u03c3": 0}, "GIH WR": {"\u03bc": 0, "\u03c3": 0}, "IWD": {"\u03bc": -5.07, "\u03c3": 0.0}}, "WR": {"OH WR": {"\u03bc": 65.4, "\u03c3": 0.0}, "GIH WR": {"\u03bc": 61.2, "\u03c3": 0.0}, "IWD": {"\u03bc": -2.0942857142857143, "\u03c3": 1.8156058189474713}}, "WG": {"OH WR": {"\u03bc": 62.7, "\u03c3": 0.0}, "GIH WR": {"\u03bc": 54.3, "\u03c3": 0.0}, "IWD": {"\u03bc": 1.1366666666666665, "\u03c3": 2.7331219430452705}}, "UB": {"OH WR": {"\u03bc": 0, "\u03c3": 0}, "GIH WR": {"\u03bc": 57.9, "\u03c3": 0.0}, "IWD": {"\u03bc": 6.45, "\u03c3": 0.0}}, "UR": {"OH WR": {"\u03bc": 0, "\u03c3": 0}, "GIH WR": {"\u03bc": 0, "\u03c3": 0}, "IWD": {"\u03bc": 6.373333333333332, "\u03c3": 2.746614077166446}}, "UG": {"OH WR": {"\u03bc": 0, "\u03c3": 0}, "GIH WR": {"\u03bc": 54.849999999999994, "\u03c3": 2.9499999999999993}, "IWD": {"\u03bc": 4.290588235294118, "\u03c3": 3.343924201554805}}, "BR": {"OH WR": {"\u03bc": 60.6, "\u03c3": 0.0}, "GIH WR": {"\u03bc": 55.9, "\u03c3": 0.0}, "IWD": {"\u03bc": 0.037777777777777764, "\u03c3": 3.838945971596827}}, "BG": {"OH WR": {"\u03bc": 0, "\u03c3": 0}, "GIH WR": {"\u03bc": 0, "\u03c3": 0}, "IWD": {"\u03bc": 0.97, "\u03c3": 0.0}}, "RG": {"OH WR": {"\u03bc": 70.5, "\u03c3": 0.0}, "GIH WR": {"\u03bc": 69.2, "\u03c3": 0.0}, "IWD": {"\u03bc": 2.8757142857142854, "\u03c3": 3.2631529763311398}}, "all": {"OH WR": {"\u03bc": 56.70285714285714, "\u03c3": 3.543362867131062}, "GIH WR": {"\u03bc": 57.29800000000003, "\u03c3": 3.234840954359271}, "IWD": {"\u03bc": 1.276603773584905, "\u03c3": 3.2958370598022038}}}