{"WU": {"OH WR": {"\u03bc": 50.82692307692308, "\u03c3": 3.894232193731934}, "GIH WR": {"\u03bc": 54.34583333333333, "\u03c3": 2.9193291419243725}, "IWD": {"\u03bc": 3.415217391304347, "\u03c3": 3.400706920838177}}, "WB": {"OH WR": {"\u03bc": 53.74339622641509, "\u03c3": 3.387185030067045}, "GIH WR": {"\u03bc": 54.562500000000014, "\u03c3": 2.9920467493005516}, "IWD": {"\u03bc": 1.6408749999999994, "\u03c3": 3.015373606101738}}, "WR": {"OH WR": {"\u03bc": 58.77884615384616, "\u03c3": 2.7986491616809555}, "GIH WR": {"\u03bc": 57.16724137931035, "\u03c3": 3.409236335312043}, "IWD": {"\u03bc": -0.5872499999999998, "\u03c3": 3.334968881039222}}, "WG": {"OH WR": {"\u03bc": 55.13617021276596, "\u03c3": 3.6707831810823395}, "GIH WR": {"\u03bc": 55.47333333333333, "\u03c3": 3.2573950055561607}, "IWD": {"\u03bc": 1.8985897435897432, "\u03c3": 3.9532818966988175}}, "UB": {"OH WR": {"\u03bc": 53.92291666666668, "\u03c3": 3.4141396905207158}, "GIH WR": {"\u03bc": 56.91935483870967, "\u03c3": 2.5333159902285294}, "IWD": {"\u03bc": 3.586666666666667, "\u03c3": 3.172876307280616}}, "UR": {"OH WR": {"\u03bc": 54.88108108108109, "\u03c3": 3.177100312994738}, "GIH WR": {"\u03bc": 57.392307692307696, "\u03c3": 2.5763604437451435}, "IWD": {"\u03bc": 3.3078378378378384, "\u03c3": 3.0724153146336395}}, "UG": {"OH WR": {"\u03bc": 54.044827586206914, "\u03c3": 2.9758321011796713}, "GIH WR": {"\u03bc": 56.970000000000006, "\u03c3": 2.6980919183749097}, "IWD": {"\u03bc": 4.234776119402985, "\u03c3": 3.3407114972841385}}, "BR": {"OH WR": {"\u03bc": 58.26901408450705, "\u03c3": 3.8795814914881483}, "GIH WR": {"\u03bc": 58.045205479452044, "\u03c3": 3.5899418507859937}, "IWD": {"\u03bc": -0.07559139784946241, "\u03c3": 3.395937630785357}}, "BG": {"OH WR": {"\u03bc": 58.110447761194024, "\u03c3": 3.647945008437563}, "GIH WR": {"\u03bc": 58.452702702702716, "\u03c3": 3.474938186227318}, "IWD": {"\u03bc": 1.3695876288659794, "\u03c3": 3.253296161191642}}, "RG": {"OH WR": {"\u03bc": 57.93653846153846, "\u03c3": 2.774612159047836}, "GIH WR": {"\u03bc": 56.763157894736835, "\u03c3": 2.896315359086399}, "IWD": {"\u03bc": -0.2726388888888889, "\u03c3": 3.3413599165341332}}, "all": {"OH WR": {"\u03bc": 55.642857142857146, "\u03c3": 4.5690891831653735}, "GIH WR": {"\u03bc": 56.61863117870725, "\u03c3": 3.5671391585580694}, "IWD": {"\u03bc": 1.6989090909090907, "\u03c3": 3.4070372480965556}}}