{"WU": {"OH WR": {"\u03bc": 0, "\u03c3": 0}, "GIH WR": {"\u03bc": 59.9, "\u03c3": 1.3747727084867511}, "IWD": {"\u03bc": 1.0488235294117645, "\u03c3": 3.022616479248209}}, "WB": {"OH WR": {"\u03bc": 0, "\u03c3": 0}, "GIH WR": {"\u03bc": 0, "\u03c3": 0}, "IWD": {"\u03bc": 2.599999999999999, "\u03c3": 3.246053224834974}}, "WR": {"OH WR": {"\u03bc": 0, "\u03c3": 0}, "GIH WR": {"\u03bc": 59.550000000000004, "\u03c3": 2.751211854195651}, "IWD": {"\u03bc": -1.319375, "\u03c3": 3.0460763055732865}}, "WG": {"OH WR": {"\u03bc": 0, "\u03c3": 0}, "GIH WR": {"\u03bc": 0, "\u03c3": 0}, "IWD": {"\u03bc": 0, "\u03c3": 0}}, "UB": {"OH WR": {"\u03bc": 0, "\u03c3": 0}, "GIH WR": {"\u03bc": 65.2, "\u03c3": 0.0}, "IWD": {"\u03bc": 3.8214285714285716, "\u03c3": 2.97040847874703}}, "UR": {"OH WR": {"\u03bc": 62.05, "\u03c3": 1.5500000000000007}, "GIH WR": {"\u03bc": 59.53333333333333, "\u03c3": 1.1234866364235143}, "IWD": {"\u03bc": -0.40999999999999986, "\u03c3": 2.7327415154888306}}, "UG": {"OH WR": {"\u03bc": 0, "\u03c3": 0}, "GIH WR": {"\u03bc": 0, "\u03c3": 0}, "IWD": {"\u03bc": 0.605, "\u03c3": 0.725}}, "BR": {"OH WR": {"\u03bc": 0, "\u03c3": 0}, "GIH WR": {"\u03bc": 0, "\u03c3": 0}, "IWD": {"\u03bc": 1.3, "\u03c3": 0.0}}, "BG": {"OH WR": {"\u03bc": 0, "\u03c3": 0}, "GIH WR": {"\u03bc": 0, "\u03c3": 0}, "IWD": {"\u03bc": 4.86, "\u03c3": 3.9400000000000004}}, "RG": {"OH WR": {"\u03bc": 0, "\u03c3": 0}, "GIH WR": {"\u03bc": 59.7, "\u03c3": 0.0}, "IWD": {"\u03bc": 0.6191666666666666, "\u03c3": 2.682326286184355}}, "all": {"OH WR": {"\u03bc": 57.784745762711864, "\u03c3": 4.051608325111049}, "GIH WR": {"\u03bc": 57.77378640776701, "\u03c3": 2.9994808989417185}, "IWD": {"\u03bc": 0.7914685314685315, "\u03c3": 3.1076569002785512}}}