{"WU": {"OH WR": {"\u03bc": 52.88097560975609, "\u03c3": 16.914539250969145}, "GIH WR": {"\u03bc": 56.20990990990986, "\u03c3": 13.111603106711241}, "IWD": {"\u03bc": 5.602633928571429, "\u03c3": 20.849139686128684}}, "WB": {"OH WR": {"\u03bc": 55.454976303317544, "\u03c3": 12.577984655151257}, "GIH WR": {"\u03bc": 57.1854460093897, "\u03c3": 11.131220080558407}, "IWD": {"\u03bc": 3.2245089285714257, "\u03c3": 19.767367651409515}}, "WR": {"OH WR": {"\u03bc": 54.82698412698412, "\u03c3": 14.559680570394303}, "GIH WR": {"\u03bc": 54.54306930693069, "\u03c3": 13.323149528232136}, "IWD": {"\u03bc": -1.924075829383887, "\u03c3": 19.707890773572522}}, "WG": {"OH WR": {"\u03bc": 52.74028436018953, "\u03c3": 13.044620394865984}, "GIH WR": {"\u03bc": 54.86803652968037, "\u03c3": 11.409164035925928}, "IWD": {"\u03bc": 1.370701754385965, "\u03c3": 15.784920058775304}}, "UB": {"OH WR": {"\u03bc": 53.17464788732393, "\u03c3": 13.958059764442682}, "GIH WR": {"\u03bc": 58.49683257918551, "\u03c3": 11.29530951841368}, "IWD": {"\u03bc": 6.098722466960348, "\u03c3": 15.306377486524363}}, "UR": {"OH WR": {"\u03bc": 53.053521126760536, "\u03c3": 12.552520622832805}, "GIH WR": {"\u03bc": 56.0651982378855, "\u03c3": 12.083763283549557}, "IWD": {"\u03bc": 3.066211453744496, "\u03c3": 14.782764392759937}}, "UG": {"OH WR": {"\u03bc": 50.52028301886792, "\u03c3": 14.79325489829531}, "GIH WR": {"\u03bc": 53.1279816513761, "\u03c3": 10.756930625263307}, "IWD": {"\u03bc": 4.987982062780269, "\u03c3": 16.204698066477114}}, "BR": {"OH WR": {"\u03bc": 54.93059360730591, "\u03c3": 14.286920451751046}, "GIH WR": {"\u03bc": 57.21607142857142, "\u03c3": 11.965415591637933}, "IWD": {"\u03bc": 1.0488157894736847, "\u03c3": 18.780464628645927}}, "BG": {"OH WR": {"\u03bc": 54.22027027027029, "\u03c3": 16.03042135865314}, "GIH WR": {"\u03bc": 57.20434782608695, "\u03c3": 11.778937660109936}, "IWD": {"\u03bc": 3.6495762711864397, "\u03c3": 19.44477067491707}}, "RG": {"OH WR": {"\u03bc": 53.291499999999985, "\u03c3": 11.587414627517216}, "GIH WR": {"\u03bc": 55.46697674418604, "\u03c3": 12.247839018674522}, "IWD": {"\u03bc": 1.6929090909090898, "\u03c3": 17.537902038180803}}, "all": {"OH WR": {"\u03bc": 53.639846743295045, "\u03c3": 6.436940086536601}, "GIH WR": {"\u03bc": 56.21724137931036, "\u03c3": 5.0931523459573285}, "IWD": {"\u03bc": 2.9662068965517236, "\u03c3": 4.290043960526217}}}