{"WU": {"OH WR": {"\u03bc": 54.882926829268314, "\u03c3": 4.1421628872957115}, "GIH WR": {"\u03bc": 54.68539325842693, "\u03c3": 3.8531921849146245}, "IWD": {"\u03bc": -0.7441000000000009, "\u03c3": 3.85549895473984}}, "WB": {"OH WR": {"\u03bc": 55.21666666666667, "\u03c3": 3.814111888100491}, "GIH WR": {"\u03bc": 55.276543209876536, "\u03c3": 3.246851147125427}, "IWD": {"\u03bc": 0.49444444444444446, "\u03c3": 3.8562751489865654}}, "WR": {"OH WR": {"\u03bc": 57.41363636363637, "\u03c3": 4.740233543781021}, "GIH WR": {"\u03bc": 56.50555555555554, "\u03c3": 4.077045801697081}, "IWD": {"\u03bc": -1.6512371134020614, "\u03c3": 3.5834114534627695}}, "WG": {"OH WR": {"\u03bc": 56.997468354430396, "\u03c3": 3.826025954359032}, "GIH WR": {"\u03bc": 56.86250000000002, "\u03c3": 4.803533559692376}, "IWD": {"\u03bc": -0.11538461538461532, "\u03c3": 4.11598103154898}}, "UB": {"OH WR": {"\u03bc": 52.53650793650792, "\u03c3": 4.135725175362537}, "GIH WR": {"\u03bc": 53.972368421052636, "\u03c3": 3.1687038145377255}, "IWD": {"\u03bc": 2.3683146067415732, "\u03c3": 3.8622474786600427}}, "UR": {"OH WR": {"\u03bc": 54.866249999999965, "\u03c3": 3.68255834135727}, "GIH WR": {"\u03bc": 55.73666666666663, "\u03c3": 3.451906075714627}, "IWD": {"\u03bc": 1.1143877551020405, "\u03c3": 3.1901881034447275}}, "UG": {"OH WR": {"\u03bc": 56.30461538461539, "\u03c3": 4.094590456433605}, "GIH WR": {"\u03bc": 57.61875, "\u03c3": 3.3365061722556426}, "IWD": {"\u03bc": 2.1541111111111118, "\u03c3": 3.39009796464299}}, "BR": {"OH WR": {"\u03bc": 53.23999999999999, "\u03c3": 3.8617316619065374}, "GIH WR": {"\u03bc": 53.77037037037039, "\u03c3": 3.3538054466436926}, "IWD": {"\u03bc": 1.0367045454545452, "\u03c3": 3.452977872132094}}, "BG": {"OH WR": {"\u03bc": 53.47260273972604, "\u03c3": 4.508994368154311}, "GIH WR": {"\u03bc": 56.0344827586207, "\u03c3": 3.66799853301613}, "IWD": {"\u03bc": 2.9657575757575763, "\u03c3": 3.5868055315319873}}, "RG": {"OH WR": {"\u03bc": 54.44507042253521, "\u03c3": 3.7109198864286155}, "GIH WR": {"\u03bc": 54.327631578947354, "\u03c3": 3.347253339216723}, "IWD": {"\u03bc": 0.3824418604651163, "\u03c3": 3.1928837792840414}}, "all": {"OH WR": {"\u03bc": 54.373431734317364, "\u03c3": 4.568998981378115}, "GIH WR": {"\u03bc": 55.15551601423487, "\u03c3": 3.8581678161311728}, "IWD": {"\u03bc": 1.235699300699301, "\u03c3": 3.6958716385071058}}}