{"WU": {"OH WR": {"\u03bc": 50.60799999999998, "\u03c3": 3.668614997516092}, "GIH WR": {"\u03bc": 53.81971830985916, "\u03c3": 3.1781658151864383}, "IWD": {"\u03bc": 3.878901098901098, "\u03c3": 3.896559612580616}}, "WB": {"OH WR": {"\u03bc": 53.448529411764696, "\u03c3": 3.8044282498108015}, "GIH WR": {"\u03bc": 54.78658536585364, "\u03c3": 3.278524437397884}, "IWD": {"\u03bc": 2.033333333333334, "\u03c3": 3.645537361258248}}, "WR": {"OH WR": {"\u03bc": 58.38552631578948, "\u03c3": 3.9173602802265917}, "GIH WR": {"\u03bc": 56.415000000000035, "\u03c3": 3.8921106099390346}, "IWD": {"\u03bc": -1.098350515463918, "\u03c3": 3.2747259837872673}}, "WG": {"OH WR": {"\u03bc": 55.294117647058826, "\u03c3": 3.7922088221595924}, "GIH WR": {"\u03bc": 55.71772151898734, "\u03c3": 3.682038493382725}, "IWD": {"\u03bc": 1.6264835164835167, "\u03c3": 3.6088183733635164}}, "UB": {"OH WR": {"\u03bc": 53.52318840579711, "\u03c3": 4.468217714504678}, "GIH WR": {"\u03bc": 56.87727272727273, "\u03c3": 2.9542237587103863}, "IWD": {"\u03bc": 3.743232323232323, "\u03c3": 3.2167229790275216}}, "UR": {"OH WR": {"\u03bc": 54.594444444444434, "\u03c3": 3.0315267310363034}, "GIH WR": {"\u03bc": 57.46883116883116, "\u03c3": 2.841083556794985}, "IWD": {"\u03bc": 3.824891304347824, "\u03c3": 2.901720065066811}}, "UG": {"OH WR": {"\u03bc": 53.22199999999999, "\u03c3": 3.158182388653322}, "GIH WR": {"\u03bc": 56.05142857142856, "\u03c3": 3.5526546556118865}, "IWD": {"\u03bc": 4.386860465116279, "\u03c3": 3.905512580368131}}, "BR": {"OH WR": {"\u03bc": 57.77209302325584, "\u03c3": 4.099422851119033}, "GIH WR": {"\u03bc": 57.29677419354837, "\u03c3": 3.5136125946297034}, "IWD": {"\u03bc": -0.01682242990654216, "\u03c3": 3.395873416102032}}, "BG": {"OH WR": {"\u03bc": 57.68588235294118, "\u03c3": 3.822630844640176}, "GIH WR": {"\u03bc": 57.86938775510202, "\u03c3": 3.5464672897689447}, "IWD": {"\u03bc": 1.4754054054054055, "\u03c3": 3.44894050418563}}, "RG": {"OH WR": {"\u03bc": 57.890769230769216, "\u03c3": 3.581736711404466}, "GIH WR": {"\u03bc": 57.02533333333334, "\u03c3": 3.146684745710775}, "IWD": {"\u03bc": 0.36670212765957416, "\u03c3": 3.327000242470645}}, "all": {"OH WR": {"\u03bc": 55.13531598513013, "\u03c3": 4.680964575930898}, "GIH WR": {"\u03bc": 56.17127272727272, "\u03c3": 3.4612047584858776}, "IWD": {"\u03bc": 1.6208127208480565, "\u03c3": 3.387777820651713}}}