{"WU": {"OH WR": {"\u03bc": 51.325, "\u03c3": 3.2912982591629754}, "GIH WR": {"\u03bc": 54.46818181818184, "\u03c3": 2.8111875572600384}, "IWD": {"\u03bc": 3.057738095238096, "\u03c3": 3.159986569889512}}, "WB": {"OH WR": {"\u03bc": 56.22407407407405, "\u03c3": 2.6775427641351115}, "GIH WR": {"\u03bc": 58.5205882352941, "\u03c3": 2.788398170968701}, "IWD": {"\u03bc": 2.137674418604651, "\u03c3": 3.0584692456447704}}, "WR": {"OH WR": {"\u03bc": 55.098113207547186, "\u03c3": 3.328294399512392}, "GIH WR": {"\u03bc": 54.98474576271186, "\u03c3": 2.831769738276337}, "IWD": {"\u03bc": 0.1831645569620253, "\u03c3": 3.090424387842492}}, "WG": {"OH WR": {"\u03bc": 58.92450980392158, "\u03c3": 4.173878533763262}, "GIH WR": {"\u03bc": 59.00530973451326, "\u03c3": 3.698333533061025}, "IWD": {"\u03bc": 1.1256923076923075, "\u03c3": 3.704045800194812}}, "UB": {"OH WR": {"\u03bc": 53.66428571428573, "\u03c3": 3.4687188130607582}, "GIH WR": {"\u03bc": 57.091860465116284, "\u03c3": 3.1974268403099813}, "IWD": {"\u03bc": 4.879270833333332, "\u03c3": 3.1606174386211263}}, "UR": {"OH WR": {"\u03bc": 50.06271186440677, "\u03c3": 2.746331809615019}, "GIH WR": {"\u03bc": 52.58452380952382, "\u03c3": 2.9208403082975907}, "IWD": {"\u03bc": 3.5877419354838707, "\u03c3": 2.7144532030350463}}, "UG": {"OH WR": {"\u03bc": 54.47500000000001, "\u03c3": 3.6174922252853565}, "GIH WR": {"\u03bc": 56.14567901234567, "\u03c3": 3.9089971996464095}, "IWD": {"\u03bc": 2.6158241758241765, "\u03c3": 3.3639720327639067}}, "BR": {"OH WR": {"\u03bc": 53.65394736842106, "\u03c3": 3.7136108399930823}, "GIH WR": {"\u03bc": 53.84534883720932, "\u03c3": 3.325855615625403}, "IWD": {"\u03bc": 1.0496116504854374, "\u03c3": 3.3437154273193452}}, "BG": {"OH WR": {"\u03bc": 57.60113636363635, "\u03c3": 3.675826880326688}, "GIH WR": {"\u03bc": 59.50192307692309, "\u03c3": 3.7016363525325575}, "IWD": {"\u03bc": 3.4051181102362196, "\u03c3": 3.919449958626332}}, "RG": {"OH WR": {"\u03bc": 56.22428571428571, "\u03c3": 3.5025066825381628}, "GIH WR": {"\u03bc": 54.88875, "\u03c3": 3.654107064318175}, "IWD": {"\u03bc": 0.11682692307692301, "\u03c3": 3.714452352330917}}, "all": {"OH WR": {"\u03bc": 54.542675159235664, "\u03c3": 4.411041499582496}, "GIH WR": {"\u03bc": 56.15168195718654, "\u03c3": 3.8581406745475224}, "IWD": {"\u03bc": 2.7059237536656884, "\u03c3": 3.3335625681762795}}}