{"WU": {"OH WR": {"\u03bc": 52.91073170731708, "\u03c3": 17.07762426932144}, "GIH WR": {"\u03bc": 56.12081447963803, "\u03c3": 13.137711987241152}, "IWD": {"\u03bc": 5.860986547085203, "\u03c3": 20.958238486611947}}, "WB": {"OH WR": {"\u03bc": 55.500947867298606, "\u03c3": 12.668844460116647}, "GIH WR": {"\u03bc": 57.15727699530517, "\u03c3": 11.24055393115224}, "IWD": {"\u03bc": 3.3004464285714294, "\u03c3": 19.770024879328634}}, "WR": {"OH WR": {"\u03bc": 54.83968253968256, "\u03c3": 14.596381442740194}, "GIH WR": {"\u03bc": 54.754455445544586, "\u03c3": 13.243530269923923}, "IWD": {"\u03bc": -1.8339622641509434, "\u03c3": 19.610908048561704}}, "WG": {"OH WR": {"\u03bc": 52.819431279620844, "\u03c3": 13.220114347963847}, "GIH WR": {"\u03bc": 55.008675799086774, "\u03c3": 11.537553042563324}, "IWD": {"\u03bc": 1.4933920704845813, "\u03c3": 16.05949841604386}}, "UB": {"OH WR": {"\u03bc": 53.14549763033177, "\u03c3": 13.818358422464676}, "GIH WR": {"\u03bc": 58.47963800904978, "\u03c3": 11.353592604428504}, "IWD": {"\u03bc": 6.04581497797357, "\u03c3": 15.414105263553216}}, "UR": {"OH WR": {"\u03bc": 53.0070754716981, "\u03c3": 12.665325452021547}, "GIH WR": {"\u03bc": 56.18590308370041, "\u03c3": 12.47917999852319}, "IWD": {"\u03bc": 3.2180616740088097, "\u03c3": 15.116571405072456}}, "UG": {"OH WR": {"\u03bc": 50.173459715639794, "\u03c3": 14.38249847689722}, "GIH WR": {"\u03bc": 53.07844036697244, "\u03c3": 10.696108498752528}, "IWD": {"\u03bc": 5.330941704035879, "\u03c3": 16.85512210770542}}, "BR": {"OH WR": {"\u03bc": 55.10183486238532, "\u03c3": 14.066196591173348}, "GIH WR": {"\u03bc": 57.28693693693688, "\u03c3": 11.810628919854759}, "IWD": {"\u03bc": 0.7366812227074231, "\u03c3": 18.903126041439705}}, "BG": {"OH WR": {"\u03bc": 54.42499999999999, "\u03c3": 15.82774785851504}, "GIH WR": {"\u03bc": 57.105652173913015, "\u03c3": 11.927615500643496}, "IWD": {"\u03bc": 3.576694915254236, "\u03c3": 19.62508359283005}}, "RG": {"OH WR": {"\u03bc": 53.45249999999998, "\u03c3": 12.059493925948964}, "GIH WR": {"\u03bc": 55.344859813084135, "\u03c3": 11.750849908771642}, "IWD": {"\u03bc": 1.9376146788990818, "\u03c3": 17.005275970239495}}, "all": {"OH WR": {"\u03bc": 53.62605363984677, "\u03c3": 6.454130174054144}, "GIH WR": {"\u03bc": 56.21264367816091, "\u03c3": 5.088108093272016}, "IWD": {"\u03bc": 2.9659003831417627, "\u03c3": 4.290962843039391}}}