{"WU": {"OH WR": {"\u03bc": 53.66875, "\u03c3": 2.3740047256692653}, "GIH WR": {"\u03bc": 54.95263157894736, "\u03c3": 2.944909688732788}, "IWD": {"\u03bc": 3.249272727272727, "\u03c3": 2.440386597201692}}, "WB": {"OH WR": {"\u03bc": 57.62, "\u03c3": 2.729395537477117}, "GIH WR": {"\u03bc": 59.340740740740735, "\u03c3": 3.191917948826989}, "IWD": {"\u03bc": 2.109423076923076, "\u03c3": 2.815262259583765}}, "WR": {"OH WR": {"\u03bc": 55.25555555555556, "\u03c3": 2.0180359599874502}, "GIH WR": {"\u03bc": 53.68800000000001, "\u03c3": 2.1995126732983374}, "IWD": {"\u03bc": 0.16571428571428568, "\u03c3": 2.9189780151726437}}, "WG": {"OH WR": {"\u03bc": 60.17931034482761, "\u03c3": 3.5605965511747906}, "GIH WR": {"\u03bc": 59.207142857142856, "\u03c3": 3.203360798936527}, "IWD": {"\u03bc": 0.31455555555555564, "\u03c3": 3.4335712413077735}}, "UB": {"OH WR": {"\u03bc": 54.306896551724144, "\u03c3": 3.0847713864304165}, "GIH WR": {"\u03bc": 57.40892857142858, "\u03c3": 2.7062280540657038}, "IWD": {"\u03bc": 4.860800000000001, "\u03c3": 3.0700461494902647}}, "UR": {"OH WR": {"\u03bc": 51.83928571428571, "\u03c3": 2.3000526835137443}, "GIH WR": {"\u03bc": 53.705882352941195, "\u03c3": 2.5977676513639345}, "IWD": {"\u03bc": 3.668840579710146, "\u03c3": 2.700491923105693}}, "UG": {"OH WR": {"\u03bc": 55.03478260869563, "\u03c3": 2.7881127629326574}, "GIH WR": {"\u03bc": 57.31666666666666, "\u03c3": 3.4896388588332976}, "IWD": {"\u03bc": 1.8470312500000003, "\u03c3": 3.248982378995527}}, "BR": {"OH WR": {"\u03bc": 53.88857142857143, "\u03c3": 2.6814464570527634}, "GIH WR": {"\u03bc": 54.5326923076923, "\u03c3": 2.7486864802781543}, "IWD": {"\u03bc": 1.628, "\u03c3": 3.171577945860178}}, "BG": {"OH WR": {"\u03bc": 59.29583333333332, "\u03c3": 3.219210457895262}, "GIH WR": {"\u03bc": 59.84754098360657, "\u03c3": 3.246920687857708}, "IWD": {"\u03bc": 2.3355696202531653, "\u03c3": 3.5075400687320184}}, "RG": {"OH WR": {"\u03bc": 57.51249999999999, "\u03c3": 2.684975558547973}, "GIH WR": {"\u03bc": 55.99999999999997, "\u03c3": 3.6890291636435673}, "IWD": {"\u03bc": -0.08523076923076925, "\u03c3": 3.018483117620661}}, "all": {"OH WR": {"\u03bc": 54.97330677290838, "\u03c3": 4.537217127761918}, "GIH WR": {"\u03bc": 56.66931034482759, "\u03c3": 3.876292604017654}, "IWD": {"\u03bc": 2.740727848101266, "\u03c3": 3.4964698891062986}}}