{"WU": {"OH WR": {"\u03bc": 52.64855769230768, "\u03c3": 16.441185908370322}, "GIH WR": {"\u03bc": 56.284955752212404, "\u03c3": 13.421213701093933}, "IWD": {"\u03bc": 6.078495575221243, "\u03c3": 20.868500173865336}}, "WB": {"OH WR": {"\u03bc": 54.834741784037554, "\u03c3": 11.64647136929721}, "GIH WR": {"\u03bc": 57.38691588785048, "\u03c3": 11.628293597238562}, "IWD": {"\u03bc": 2.9884955752212377, "\u03c3": 19.643441776235452}}, "WR": {"OH WR": {"\u03bc": 55.098429319371725, "\u03c3": 14.768877267851392}, "GIH WR": {"\u03bc": 54.578536585365875, "\u03c3": 13.285507519607206}, "IWD": {"\u03bc": -1.0692523364485977, "\u03c3": 20.34868916768027}}, "WG": {"OH WR": {"\u03bc": 52.62417061611374, "\u03c3": 12.47722602727942}, "GIH WR": {"\u03bc": 54.96045454545457, "\u03c3": 11.267984807034942}, "IWD": {"\u03bc": 1.4307860262008736, "\u03c3": 16.125047897226217}}, "UB": {"OH WR": {"\u03bc": 53.25999999999997, "\u03c3": 13.949512953071412}, "GIH WR": {"\u03bc": 58.60224215246639, "\u03c3": 10.449980985440627}, "IWD": {"\u03bc": 6.887565217391308, "\u03c3": 14.745902192240997}}, "UR": {"OH WR": {"\u03bc": 52.974883720930215, "\u03c3": 12.415572437063364}, "GIH WR": {"\u03bc": 55.88571428571429, "\u03c3": 12.296788525447589}, "IWD": {"\u03bc": 4.036147186147186, "\u03c3": 15.7326177662588}}, "UG": {"OH WR": {"\u03bc": 50.732093023255835, "\u03c3": 14.021015548618534}, "GIH WR": {"\u03bc": 53.51176470588238, "\u03c3": 11.450327390005137}, "IWD": {"\u03bc": 5.894780701754387, "\u03c3": 17.352461310961033}}, "BR": {"OH WR": {"\u03bc": 55.12648401826488, "\u03c3": 13.893309449343736}, "GIH WR": {"\u03bc": 57.34642857142857, "\u03c3": 11.642378934088079}, "IWD": {"\u03bc": 1.0522173913043482, "\u03c3": 18.61508221718993}}, "BG": {"OH WR": {"\u03bc": 54.259375, "\u03c3": 16.099212535159353}, "GIH WR": {"\u03bc": 57.096982758620726, "\u03c3": 11.804329255494208}, "IWD": {"\u03bc": 3.552217573221755, "\u03c3": 19.61845893707333}}, "RG": {"OH WR": {"\u03bc": 53.42364532019705, "\u03c3": 11.318346086783713}, "GIH WR": {"\u03bc": 55.17314814814809, "\u03c3": 12.29216557542273}, "IWD": {"\u03bc": 1.5462780269058303, "\u03c3": 17.491382991977172}}, "all": {"OH WR": {"\u03bc": 53.644827586206894, "\u03c3": 6.419709091307549}, "GIH WR": {"\u03bc": 56.227586206896575, "\u03c3": 5.0906124176399095}, "IWD": {"\u03bc": 2.971915708812261, "\u03c3": 4.3203501534984055}}}