{"WU": {"OH WR": {"\u03bc": 50.91351351351351, "\u03c3": 4.381574575803874}, "GIH WR": {"\u03bc": 53.82417582417582, "\u03c3": 3.2114951726277177}, "IWD": {"\u03bc": 4.482421052631579, "\u03c3": 3.68960894113511}}, "WB": {"OH WR": {"\u03bc": 54.08160919540232, "\u03c3": 4.193797520192791}, "GIH WR": {"\u03bc": 54.91958762886597, "\u03c3": 3.6439368982749745}, "IWD": {"\u03bc": 1.5962499999999995, "\u03c3": 3.553739761806267}}, "WR": {"OH WR": {"\u03bc": 57.00107526881721, "\u03c3": 4.17162701617445}, "GIH WR": {"\u03bc": 55.439175257731954, "\u03c3": 3.8811082671906836}, "IWD": {"\u03bc": -1.151730769230769, "\u03c3": 3.2530983581064365}}, "WG": {"OH WR": {"\u03bc": 54.4988372093023, "\u03c3": 3.7078011469862036}, "GIH WR": {"\u03bc": 55.17916666666668, "\u03c3": 3.6947574533234095}, "IWD": {"\u03bc": 1.8245454545454542, "\u03c3": 3.3684621892877407}}, "UB": {"OH WR": {"\u03bc": 53.52857142857143, "\u03c3": 4.483015216537989}, "GIH WR": {"\u03bc": 56.953398058252425, "\u03c3": 3.376354543971675}, "IWD": {"\u03bc": 4.0906194690265485, "\u03c3": 3.497338123850954}}, "UR": {"OH WR": {"\u03bc": 54.42352941176472, "\u03c3": 3.751349468840545}, "GIH WR": {"\u03bc": 57.49072164948455, "\u03c3": 3.1782794565557455}, "IWD": {"\u03bc": 4.137596153846153, "\u03c3": 2.8609023909868787}}, "UG": {"OH WR": {"\u03bc": 52.95897435897437, "\u03c3": 4.57732527141869}, "GIH WR": {"\u03bc": 56.10978260869567, "\u03c3": 3.4204010628874926}, "IWD": {"\u03bc": 4.669622641509434, "\u03c3": 3.7453898516201805}}, "BR": {"OH WR": {"\u03bc": 57.22038834951457, "\u03c3": 3.9990620070915743}, "GIH WR": {"\u03bc": 56.843636363636364, "\u03c3": 3.8340229826391186}, "IWD": {"\u03bc": 0.06504273504273507, "\u03c3": 3.3120269374011966}}, "BG": {"OH WR": {"\u03bc": 56.73457943925232, "\u03c3": 4.18030770239226}, "GIH WR": {"\u03bc": 57.23333333333334, "\u03c3": 3.302161943980566}, "IWD": {"\u03bc": 1.195909090909091, "\u03c3": 3.495840592229713}}, "RG": {"OH WR": {"\u03bc": 56.56483516483515, "\u03c3": 3.736142855187396}, "GIH WR": {"\u03bc": 56.252000000000024, "\u03c3": 3.6676281163716697}, "IWD": {"\u03bc": 0.3495689655172415, "\u03c3": 3.310334755507307}}, "all": {"OH WR": {"\u03bc": 54.54021739130431, "\u03c3": 4.578155278039666}, "GIH WR": {"\u03bc": 55.80070671378092, "\u03c3": 3.5098548079144876}, "IWD": {"\u03bc": 1.6779037800687293, "\u03c3": 3.4058395482674184}}}