{"WU": {"OH WR": {"\u03bc": 52.33291139240505, "\u03c3": 4.1029079381715}, "GIH WR": {"\u03bc": 54.321348314606745, "\u03c3": 3.306631807804552}, "IWD": {"\u03bc": 2.3892783505154642, "\u03c3": 3.42224898846005}}, "WB": {"OH WR": {"\u03bc": 55.0656862745098, "\u03c3": 3.760462401115556}, "GIH WR": {"\u03bc": 56.95999999999999, "\u03c3": 3.4168099853797074}, "IWD": {"\u03bc": 2.1581651376146773, "\u03c3": 3.1482624201784}}, "WR": {"OH WR": {"\u03bc": 54.52282608695653, "\u03c3": 4.101089549314106}, "GIH WR": {"\u03bc": 53.5958762886598, "\u03c3": 3.910385788592136}, "IWD": {"\u03bc": -0.49405940594059417, "\u03c3": 3.6758287752001926}}, "WG": {"OH WR": {"\u03bc": 55.30873786407764, "\u03c3": 4.278896209999134}, "GIH WR": {"\u03bc": 55.59724770642201, "\u03c3": 3.691235806972811}, "IWD": {"\u03bc": 0.9804464285714286, "\u03c3": 3.3562429538082084}}, "UB": {"OH WR": {"\u03bc": 53.2858695652174, "\u03c3": 4.250794849501912}, "GIH WR": {"\u03bc": 57.69595959595962, "\u03c3": 3.407564940929276}, "IWD": {"\u03bc": 5.482745098039217, "\u03c3": 3.1926570644376167}}, "UR": {"OH WR": {"\u03bc": 51.03947368421051, "\u03c3": 4.5533122399601185}, "GIH WR": {"\u03bc": 53.78602150537635, "\u03c3": 3.813603026345071}, "IWD": {"\u03bc": 3.9090816326530615, "\u03c3": 3.221392805228976}}, "UG": {"OH WR": {"\u03bc": 54.77474747474751, "\u03c3": 4.346700674582138}, "GIH WR": {"\u03bc": 57.8490740740741, "\u03c3": 3.3856312768317194}, "IWD": {"\u03bc": 4.675, "\u03c3": 3.3719337284361797}}, "BR": {"OH WR": {"\u03bc": 55.436263736263705, "\u03c3": 4.248270921275275}, "GIH WR": {"\u03bc": 55.41290322580646, "\u03c3": 3.6118153123948358}, "IWD": {"\u03bc": -0.15623762376237615, "\u03c3": 3.1977547356661895}}, "BG": {"OH WR": {"\u03bc": 55.54392523364486, "\u03c3": 4.240419163950514}, "GIH WR": {"\u03bc": 57.97314814814816, "\u03c3": 3.64342651302725}, "IWD": {"\u03bc": 3.2373214285714282, "\u03c3": 3.4535636310666895}}, "RG": {"OH WR": {"\u03bc": 53.709574468085115, "\u03c3": 4.527670697674706}, "GIH WR": {"\u03bc": 53.21546391752577, "\u03c3": 3.8188447599037656}, "IWD": {"\u03bc": 0.038118811881187986, "\u03c3": 3.7994980681719217}}, "all": {"OH WR": {"\u03bc": 54.65189393939392, "\u03c3": 4.3263984658975705}, "GIH WR": {"\u03bc": 56.34301886792453, "\u03c3": 3.6768267619483876}, "IWD": {"\u03bc": 2.78954716981132, "\u03c3": 3.6189099503727746}}}