{"WU": {"OH WR": {"\u03bc": 50.57941176470588, "\u03c3": 3.7345193731050426}, "GIH WR": {"\u03bc": 53.86444444444442, "\u03c3": 3.136994708709139}, "IWD": {"\u03bc": 4.351276595744681, "\u03c3": 3.5705393936760683}}, "WB": {"OH WR": {"\u03bc": 54.12906976744186, "\u03c3": 4.175478423474362}, "GIH WR": {"\u03bc": 54.99462365591397, "\u03c3": 3.602071255747644}, "IWD": {"\u03bc": 1.6884545454545459, "\u03c3": 3.6489560615117}}, "WR": {"OH WR": {"\u03bc": 57.25604395604394, "\u03c3": 4.140451979129145}, "GIH WR": {"\u03bc": 55.609375, "\u03c3": 3.9238076247494176}, "IWD": {"\u03bc": -1.1715384615384619, "\u03c3": 3.3008325783140187}}, "WG": {"OH WR": {"\u03bc": 54.70238095238094, "\u03c3": 3.7123338888756128}, "GIH WR": {"\u03bc": 55.35425531914895, "\u03c3": 3.769267237710827}, "IWD": {"\u03bc": 1.8562616822429907, "\u03c3": 3.354716730625308}}, "UB": {"OH WR": {"\u03bc": 53.56444444444443, "\u03c3": 4.4318621897725805}, "GIH WR": {"\u03bc": 57.080999999999996, "\u03c3": 3.38129250435392}, "IWD": {"\u03bc": 4.065818181818183, "\u03c3": 3.5272887815942044}}, "UR": {"OH WR": {"\u03bc": 54.47125, "\u03c3": 3.8242709681062093}, "GIH WR": {"\u03bc": 57.521649484536105, "\u03c3": 3.2193751972462086}, "IWD": {"\u03bc": 4.204215686274507, "\u03c3": 2.8771770738457763}}, "UG": {"OH WR": {"\u03bc": 52.594366197183085, "\u03c3": 4.403963877886672}, "GIH WR": {"\u03bc": 56.017045454545475, "\u03c3": 3.4412346354347454}, "IWD": {"\u03bc": 4.596634615384616, "\u03c3": 3.6792543691144712}}, "BR": {"OH WR": {"\u03bc": 57.30099009900989, "\u03c3": 4.019494452461317}, "GIH WR": {"\u03bc": 56.94128440366973, "\u03c3": 3.8776520610119873}, "IWD": {"\u03bc": 0.039999999999999904, "\u03c3": 3.308258178243204}}, "BG": {"OH WR": {"\u03bc": 56.75673076923078, "\u03c3": 4.141923661756997}, "GIH WR": {"\u03bc": 57.39026548672568, "\u03c3": 3.31480894420726}, "IWD": {"\u03bc": 1.2225581395348835, "\u03c3": 3.48932753323856}}, "RG": {"OH WR": {"\u03bc": 56.790476190476205, "\u03c3": 3.8340460739344477}, "GIH WR": {"\u03bc": 56.33402061855668, "\u03c3": 3.6149998673322226}, "IWD": {"\u03bc": 0.24780701754385964, "\u03c3": 3.285676452761509}}, "all": {"OH WR": {"\u03bc": 54.64872727272732, "\u03c3": 4.556859785799649}, "GIH WR": {"\u03bc": 55.91214285714285, "\u03c3": 3.4817784424700218}, "IWD": {"\u03bc": 1.678310344827586, "\u03c3": 3.4008268122817378}}}