{"WU": {"OH WR": {"\u03bc": 52.67644230769228, "\u03c3": 16.508231421037138}, "GIH WR": {"\u03bc": 56.376106194690315, "\u03c3": 13.846495830540762}, "IWD": {"\u03bc": 6.147885462555066, "\u03c3": 20.898164683978532}}, "WB": {"OH WR": {"\u03bc": 55.1549295774648, "\u03c3": 12.106023667274043}, "GIH WR": {"\u03bc": 57.41542056074767, "\u03c3": 11.631422778455182}, "IWD": {"\u03bc": 3.041548672566371, "\u03c3": 19.67205789339045}}, "WR": {"OH WR": {"\u03bc": 54.992670157068055, "\u03c3": 14.746210754418122}, "GIH WR": {"\u03bc": 54.230392156862756, "\u03c3": 13.017151500214876}, "IWD": {"\u03bc": -1.242816901408451, "\u03c3": 20.292694551462688}}, "WG": {"OH WR": {"\u03bc": 52.67109004739331, "\u03c3": 12.510229681308623}, "GIH WR": {"\u03bc": 55.032420091324184, "\u03c3": 11.31354298501365}, "IWD": {"\u03bc": 1.287236842105264, "\u03c3": 15.89494973298378}}, "UB": {"OH WR": {"\u03bc": 53.17534883720929, "\u03c3": 14.002823527373952}, "GIH WR": {"\u03bc": 58.55180180180185, "\u03c3": 10.648866259342638}, "IWD": {"\u03bc": 6.328078602620086, "\u03c3": 14.258410213288697}}, "UR": {"OH WR": {"\u03bc": 53.14930232558142, "\u03c3": 12.550029629419088}, "GIH WR": {"\u03bc": 55.85887445887448, "\u03c3": 12.264074749816551}, "IWD": {"\u03bc": 3.9741739130434817, "\u03c3": 15.770952108371166}}, "UG": {"OH WR": {"\u03bc": 50.544131455399054, "\u03c3": 14.130991008232161}, "GIH WR": {"\u03bc": 53.45545454545457, "\u03c3": 11.525111605562056}, "IWD": {"\u03bc": 5.95859030837004, "\u03c3": 17.73889642765072}}, "BR": {"OH WR": {"\u03bc": 55.026940639269405, "\u03c3": 14.014589764126185}, "GIH WR": {"\u03bc": 57.33348214285717, "\u03c3": 11.678861185448131}, "IWD": {"\u03bc": 1.0666521739130435, "\u03c3": 18.6245140610286}}, "BG": {"OH WR": {"\u03bc": 54.399549549549555, "\u03c3": 16.051980590512045}, "GIH WR": {"\u03bc": 57.268398268398286, "\u03c3": 11.876631226737981}, "IWD": {"\u03bc": 3.6760084033613443, "\u03c3": 19.627871144466877}}, "RG": {"OH WR": {"\u03bc": 53.429702970297036, "\u03c3": 11.38573055661396}, "GIH WR": {"\u03bc": 55.317129629629605, "\u03c3": 12.248039642910504}, "IWD": {"\u03bc": 1.6132882882882882, "\u03c3": 17.406639628346536}}, "all": {"OH WR": {"\u03bc": 53.61724137931034, "\u03c3": 6.479023746819494}, "GIH WR": {"\u03bc": 56.21532567049809, "\u03c3": 5.106887655146843}, "IWD": {"\u03bc": 2.9656704980842905, "\u03c3": 4.317146694857042}}}