{"WU": {"OH WR": {"\u03bc": 56.77352941176472, "\u03c3": 4.972925254060057}, "GIH WR": {"\u03bc": 57.33097345132742, "\u03c3": 3.65886194516935}, "IWD": {"\u03bc": 1.4117500000000003, "\u03c3": 3.5780126379737682}}, "WB": {"OH WR": {"\u03bc": 53.421839080459776, "\u03c3": 4.547992491005546}, "GIH WR": {"\u03bc": 54.868, "\u03c3": 4.036753150738845}, "IWD": {"\u03bc": 3.1425663716814154, "\u03c3": 3.844853997656337}}, "WR": {"OH WR": {"\u03bc": 56.465591397849444, "\u03c3": 5.080967959251146}, "GIH WR": {"\u03bc": 55.501, "\u03c3": 4.148216363691749}, "IWD": {"\u03bc": 0.2758407079646016, "\u03c3": 4.113476174735035}}, "WG": {"OH WR": {"\u03bc": 55.90500000000001, "\u03c3": 4.603392770555213}, "GIH WR": {"\u03bc": 56.29318181818181, "\u03c3": 3.5501535003479856}, "IWD": {"\u03bc": 1.5867924528301887, "\u03c3": 3.8701071476488424}}, "UB": {"OH WR": {"\u03bc": 53.791666666666664, "\u03c3": 4.7483696032310805}, "GIH WR": {"\u03bc": 56.36981132075472, "\u03c3": 3.5258926291543067}, "IWD": {"\u03bc": 4.426806722689074, "\u03c3": 3.666531787561442}}, "UR": {"OH WR": {"\u03bc": 56.61875000000001, "\u03c3": 5.472512991076403}, "GIH WR": {"\u03bc": 55.88446601941748, "\u03c3": 4.270189220280602}, "IWD": {"\u03bc": -0.1146153846153846, "\u03c3": 3.7905842723220498}}, "UG": {"OH WR": {"\u03bc": 53.16875000000001, "\u03c3": 4.269582642074046}, "GIH WR": {"\u03bc": 53.77529411764704, "\u03c3": 3.7396730238430624}, "IWD": {"\u03bc": 1.8309900990099017, "\u03c3": 3.9925518539942173}}, "BR": {"OH WR": {"\u03bc": 53.24545454545454, "\u03c3": 4.359272709939377}, "GIH WR": {"\u03bc": 54.55888888888888, "\u03c3": 4.579128845932852}, "IWD": {"\u03bc": 2.8583809523809536, "\u03c3": 4.430113859400934}}, "BG": {"OH WR": {"\u03bc": 54.038095238095224, "\u03c3": 4.418734594824759}, "GIH WR": {"\u03bc": 56.15533980582523, "\u03c3": 4.279795117030172}, "IWD": {"\u03bc": 3.6776923076923067, "\u03c3": 3.8834871510453075}}, "RG": {"OH WR": {"\u03bc": 56.588297872340426, "\u03c3": 5.533204534617381}, "GIH WR": {"\u03bc": 55.66261682242992, "\u03c3": 4.675218488861832}, "IWD": {"\u03bc": 0.517107438016529, "\u03c3": 4.598535957823884}}, "all": {"OH WR": {"\u03bc": 54.81223021582736, "\u03c3": 5.094946860895215}, "GIH WR": {"\u03bc": 55.71821428571429, "\u03c3": 3.863823562937393}, "IWD": {"\u03bc": 2.0739007092198585, "\u03c3": 3.8802721212335354}}}