{"WU": {"OH WR": {"\u03bc": 52.63383838383841, "\u03c3": 16.39472126224809}, "GIH WR": {"\u03bc": 56.353240740740745, "\u03c3": 14.122168305389497}, "IWD": {"\u03bc": 5.62181818181818, "\u03c3": 22.038302944968677}}, "WB": {"OH WR": {"\u03bc": 56.27607655502392, "\u03c3": 13.304253444902375}, "GIH WR": {"\u03bc": 58.09617224880385, "\u03c3": 10.800783450628197}, "IWD": {"\u03bc": 3.3883928571428577, "\u03c3": 21.138661033145755}}, "WR": {"OH WR": {"\u03bc": 54.871584699453585, "\u03c3": 14.136290591819975}, "GIH WR": {"\u03bc": 55.091326530612264, "\u03c3": 12.95873656427807}, "IWD": {"\u03bc": -2.111330049261084, "\u03c3": 19.827291727458576}}, "WG": {"OH WR": {"\u03bc": 52.724, "\u03c3": 12.12153967118039}, "GIH WR": {"\u03bc": 54.44859813084111, "\u03c3": 11.84873402666981}, "IWD": {"\u03bc": 0.9849315068493152, "\u03c3": 19.399232705483964}}, "UB": {"OH WR": {"\u03bc": 53.258737864077666, "\u03c3": 13.937314459010494}, "GIH WR": {"\u03bc": 58.92602739726028, "\u03c3": 12.105563392108001}, "IWD": {"\u03bc": 6.634234234234236, "\u03c3": 15.419903456630365}}, "UR": {"OH WR": {"\u03bc": 53.384134615384596, "\u03c3": 13.350482136970594}, "GIH WR": {"\u03bc": 56.80360360360361, "\u03c3": 13.06275172042769}, "IWD": {"\u03bc": 3.0777777777777824, "\u03c3": 16.81199160505367}}, "UG": {"OH WR": {"\u03bc": 49.37224880382777, "\u03c3": 14.546013288815049}, "GIH WR": {"\u03bc": 53.017050691244236, "\u03c3": 12.225467659944254}, "IWD": {"\u03bc": 5.549090909090907, "\u03c3": 15.531137319793457}}, "BR": {"OH WR": {"\u03bc": 56.08653846153844, "\u03c3": 13.014057175669599}, "GIH WR": {"\u03bc": 57.928110599078316, "\u03c3": 12.201079978893768}, "IWD": {"\u03bc": 0.5309734513274339, "\u03c3": 19.891431337269633}}, "BG": {"OH WR": {"\u03bc": 53.64392523364488, "\u03c3": 15.092432823033352}, "GIH WR": {"\u03bc": 57.8875, "\u03c3": 12.367148483265773}, "IWD": {"\u03bc": 3.1525862068965513, "\u03c3": 21.364561218760258}}, "RG": {"OH WR": {"\u03bc": 54.83131313131313, "\u03c3": 14.82319126523663}, "GIH WR": {"\u03bc": 55.85789473684212, "\u03c3": 13.357217548562925}, "IWD": {"\u03bc": 2.7380281690140853, "\u03c3": 21.707202453688122}}, "all": {"OH WR": {"\u03bc": 53.73908045977011, "\u03c3": 6.39766521687738}, "GIH WR": {"\u03bc": 56.28544061302685, "\u03c3": 4.975520409959292}, "IWD": {"\u03bc": 2.972030651340997, "\u03c3": 4.2496994817144715}}}