{"WU": {"OH WR": {"\u03bc": 53.27499999999999, "\u03c3": 4.228105367655823}, "GIH WR": {"\u03bc": 55.4, "\u03c3": 1.9362047641943478}, "IWD": {"\u03bc": 1.8432, "\u03c3": 2.965174827898011}}, "WB": {"OH WR": {"\u03bc": 56.65238095238095, "\u03c3": 2.713391665621785}, "GIH WR": {"\u03bc": 58.678124999999994, "\u03c3": 3.0789339038659147}, "IWD": {"\u03bc": 2.1103703703703705, "\u03c3": 3.3852348039154685}}, "WR": {"OH WR": {"\u03bc": 56.391999999999996, "\u03c3": 2.6996177507195354}, "GIH WR": {"\u03bc": 53.96578947368422, "\u03c3": 3.2881987002796493}, "IWD": {"\u03bc": -0.46310344827586214, "\u03c3": 3.4668505069550255}}, "WG": {"OH WR": {"\u03bc": 58.48214285714285, "\u03c3": 3.0379802467415487}, "GIH WR": {"\u03bc": 58.3230769230769, "\u03c3": 2.744921795015207}, "IWD": {"\u03bc": 0.8792187499999999, "\u03c3": 3.169110829893526}}, "UB": {"OH WR": {"\u03bc": 54.02222222222222, "\u03c3": 4.821428506107518}, "GIH WR": {"\u03bc": 57.26315789473686, "\u03c3": 3.2399172384354755}, "IWD": {"\u03bc": 5.9855, "\u03c3": 3.4219716173574555}}, "UR": {"OH WR": {"\u03bc": 49.775, "\u03c3": 2.5387414861173503}, "GIH WR": {"\u03bc": 52.94166666666666, "\u03c3": 2.5934077752811824}, "IWD": {"\u03bc": 4.188235294117647, "\u03c3": 4.015326131790129}}, "UG": {"OH WR": {"\u03bc": 55.54761904761905, "\u03c3": 3.6343099230500484}, "GIH WR": {"\u03bc": 58.65348837209301, "\u03c3": 2.615548218332618}, "IWD": {"\u03bc": 4.036393442622952, "\u03c3": 3.6373653015618572}}, "BR": {"OH WR": {"\u03bc": 58.27777777777778, "\u03c3": 3.3763154729437694}, "GIH WR": {"\u03bc": 57.08333333333332, "\u03c3": 2.851559027775664}, "IWD": {"\u03bc": -0.42, "\u03c3": 3.907426732962423}}, "BG": {"OH WR": {"\u03bc": 58.127272727272725, "\u03c3": 3.1862652904893847}, "GIH WR": {"\u03bc": 60.78181818181818, "\u03c3": 2.9789620467594173}, "IWD": {"\u03bc": 3.1535937499999998, "\u03c3": 3.6460506746973413}}, "RG": {"OH WR": {"\u03bc": 56.86250000000001, "\u03c3": 3.53957536294963}, "GIH WR": {"\u03bc": 56.004000000000005, "\u03c3": 3.182135132265756}, "IWD": {"\u03bc": -0.21177777777777765, "\u03c3": 3.420523214616208}}, "all": {"OH WR": {"\u03bc": 55.81990521327016, "\u03c3": 4.574417010535458}, "GIH WR": {"\u03bc": 56.95869565217387, "\u03c3": 3.3375190008875535}, "IWD": {"\u03bc": 2.558947368421055, "\u03c3": 3.6542352591498157}}}