{"WU": {"OH WR": {"\u03bc": 54.69518072289155, "\u03c3": 4.1820299335286455}, "GIH WR": {"\u03bc": 54.575280898876414, "\u03c3": 3.843490948851682}, "IWD": {"\u03bc": -0.6266346153846153, "\u03c3": 3.7964139482535475}}, "WB": {"OH WR": {"\u03bc": 55.15362318840581, "\u03c3": 3.8878696416889613}, "GIH WR": {"\u03bc": 55.2268292682927, "\u03c3": 3.250592770725762}, "IWD": {"\u03bc": 0.42600000000000005, "\u03c3": 3.8867452250494168}}, "WR": {"OH WR": {"\u03bc": 57.24831460674159, "\u03c3": 4.662885068222202}, "GIH WR": {"\u03bc": 56.26593406593408, "\u03c3": 4.085224509418791}, "IWD": {"\u03bc": -1.6337373737373733, "\u03c3": 3.5989652232971348}}, "WG": {"OH WR": {"\u03bc": 57.00121951219513, "\u03c3": 4.034953800395562}, "GIH WR": {"\u03bc": 56.803333333333335, "\u03c3": 4.752039328307141}, "IWD": {"\u03bc": 0.041192660550458546, "\u03c3": 4.142796937754621}}, "UB": {"OH WR": {"\u03bc": 52.42615384615382, "\u03c3": 4.025697337512402}, "GIH WR": {"\u03bc": 54.213750000000005, "\u03c3": 3.1570850380532987}, "IWD": {"\u03bc": 2.495617977528089, "\u03c3": 3.844130782379335}}, "UR": {"OH WR": {"\u03bc": 54.65308641975307, "\u03c3": 3.5291060113639556}, "GIH WR": {"\u03bc": 55.369565217391326, "\u03c3": 3.5100086439393983}, "IWD": {"\u03bc": 1.1203960396039603, "\u03c3": 3.150598220986505}}, "UG": {"OH WR": {"\u03bc": 55.94999999999999, "\u03c3": 4.0612290111591935}, "GIH WR": {"\u03bc": 57.535365853658554, "\u03c3": 3.256452205040337}, "IWD": {"\u03bc": 2.2074226804123698, "\u03c3": 3.3679873393836397}}, "BR": {"OH WR": {"\u03bc": 53.10405405405407, "\u03c3": 3.9262952481259665}, "GIH WR": {"\u03bc": 53.75731707317071, "\u03c3": 3.35922575602659}, "IWD": {"\u03bc": 0.9812499999999996, "\u03c3": 3.487259868728664}}, "BG": {"OH WR": {"\u03bc": 53.52564102564103, "\u03c3": 4.341435302583932}, "GIH WR": {"\u03bc": 56.10449438202247, "\u03c3": 3.511743064504013}, "IWD": {"\u03bc": 2.9161165048543696, "\u03c3": 3.4869090084240173}}, "RG": {"OH WR": {"\u03bc": 54.53055555555556, "\u03c3": 3.760933649186096}, "GIH WR": {"\u03bc": 54.427499999999995, "\u03c3": 3.708435485484411}, "IWD": {"\u03bc": 0.2766666666666667, "\u03c3": 3.442512325484269}}, "all": {"OH WR": {"\u03bc": 54.263003663003644, "\u03c3": 4.574854162889587}, "GIH WR": {"\u03bc": 55.11524822695032, "\u03c3": 3.82601418095274}, "IWD": {"\u03bc": 1.269756097560976, "\u03c3": 3.6811914272130513}}}