{"WU": {"OH WR": {"\u03bc": 51.210526315789465, "\u03c3": 4.058894681903087}, "GIH WR": {"\u03bc": 54.63055555555556, "\u03c3": 2.9294310638799286}, "IWD": {"\u03bc": 3.8079661016949156, "\u03c3": 2.833456761482321}}, "WB": {"OH WR": {"\u03bc": 53.9340909090909, "\u03c3": 3.0768891596588985}, "GIH WR": {"\u03bc": 54.681034482758605, "\u03c3": 3.4114137476171993}, "IWD": {"\u03bc": 1.5046052631578948, "\u03c3": 2.8147597077910356}}, "WR": {"OH WR": {"\u03bc": 59.16976744186046, "\u03c3": 2.795639036130257}, "GIH WR": {"\u03bc": 57.64, "\u03c3": 3.1345175067305022}, "IWD": {"\u03bc": -0.9415277777777781, "\u03c3": 3.4236975056712455}}, "WG": {"OH WR": {"\u03bc": 56.062500000000014, "\u03c3": 3.3575055845076416}, "GIH WR": {"\u03bc": 55.977777777777774, "\u03c3": 2.883456430684244}, "IWD": {"\u03bc": 1.875352112676056, "\u03c3": 4.0648915343309975}}, "UB": {"OH WR": {"\u03bc": 54.3, "\u03c3": 3.1649870232187145}, "GIH WR": {"\u03bc": 57.10344827586205, "\u03c3": 2.5341097543959323}, "IWD": {"\u03bc": 3.550666666666667, "\u03c3": 2.900484710450231}}, "UR": {"OH WR": {"\u03bc": 56.01428571428573, "\u03c3": 2.5239869659096175}, "GIH WR": {"\u03bc": 58.459090909090904, "\u03c3": 2.499210619177236}, "IWD": {"\u03bc": 3.5366666666666666, "\u03c3": 2.6021855411640566}}, "UG": {"OH WR": {"\u03bc": 54.36086956521738, "\u03c3": 3.6301561986318207}, "GIH WR": {"\u03bc": 57.37727272727272, "\u03c3": 2.91023770009846}, "IWD": {"\u03bc": 4.2471929824561405, "\u03c3": 3.59687132779624}}, "BR": {"OH WR": {"\u03bc": 58.48333333333334, "\u03c3": 3.544204972753253}, "GIH WR": {"\u03bc": 57.981159420289856, "\u03c3": 3.4495231916813496}, "IWD": {"\u03bc": -0.19452380952380957, "\u03c3": 3.181633454675333}}, "BG": {"OH WR": {"\u03bc": 58.3627118644068, "\u03c3": 3.3968029986876087}, "GIH WR": {"\u03bc": 58.36376811594202, "\u03c3": 3.6014880585786835}, "IWD": {"\u03bc": 1.1694252873563225, "\u03c3": 3.2376763188384734}}, "RG": {"OH WR": {"\u03bc": 58.166666666666664, "\u03c3": 2.8254301540748723}, "GIH WR": {"\u03bc": 56.798113207547175, "\u03c3": 3.209096185346693}, "IWD": {"\u03bc": 0.020476190476190363, "\u03c3": 3.347259684023671}}, "all": {"OH WR": {"\u03bc": 55.9670781893004, "\u03c3": 4.490702157381895}, "GIH WR": {"\u03bc": 56.85468749999998, "\u03c3": 3.5812851083575774}, "IWD": {"\u03bc": 1.7301838235294134, "\u03c3": 3.4541815509317315}}}