{"WU": {"OH WR": {"\u03bc": 0, "\u03c3": 0}, "GIH WR": {"\u03bc": 59.2, "\u03c3": 0.0}, "IWD": {"\u03bc": 1.5383333333333333, "\u03c3": 2.5591171437735234}}, "WB": {"OH WR": {"\u03bc": 55.191428571428574, "\u03c3": 2.9379654212271684}, "GIH WR": {"\u03bc": 54.76170212765959, "\u03c3": 2.3309712331977575}, "IWD": {"\u03bc": -0.20797297297297293, "\u03c3": 3.097118093608319}}, "WR": {"OH WR": {"\u03bc": 58.51780821917807, "\u03c3": 3.9177272718910308}, "GIH WR": {"\u03bc": 56.69736842105261, "\u03c3": 3.0864719121135598}, "IWD": {"\u03bc": -1.2627173913043475, "\u03c3": 3.1884721376085814}}, "WG": {"OH WR": {"\u03bc": 0, "\u03c3": 0}, "GIH WR": {"\u03bc": 0, "\u03c3": 0}, "IWD": {"\u03bc": 1.841428571428571, "\u03c3": 2.806789872390718}}, "UB": {"OH WR": {"\u03bc": 0, "\u03c3": 0}, "GIH WR": {"\u03bc": 0, "\u03c3": 0}, "IWD": {"\u03bc": 9.56, "\u03c3": 0.0}}, "UR": {"OH WR": {"\u03bc": 54.77586206896552, "\u03c3": 2.495603744575758}, "GIH WR": {"\u03bc": 56.942307692307686, "\u03c3": 3.23754098007008}, "IWD": {"\u03bc": 3.8152173913043477, "\u03c3": 3.6548005392533423}}, "UG": {"OH WR": {"\u03bc": 54.43392857142855, "\u03c3": 3.2294557693714485}, "GIH WR": {"\u03bc": 57.63086419753088, "\u03c3": 3.527410898693878}, "IWD": {"\u03bc": 4.017979797979799, "\u03c3": 3.8853046056107052}}, "BR": {"OH WR": {"\u03bc": 0, "\u03c3": 0}, "GIH WR": {"\u03bc": 0, "\u03c3": 0}, "IWD": {"\u03bc": 0, "\u03c3": 0}}, "BG": {"OH WR": {"\u03bc": 54.805405405405416, "\u03c3": 2.789647458686234}, "GIH WR": {"\u03bc": 54.28936170212766, "\u03c3": 2.989644114773757}, "IWD": {"\u03bc": 0.4639999999999999, "\u03c3": 3.499195863667493}}, "RG": {"OH WR": {"\u03bc": 0, "\u03c3": 0}, "GIH WR": {"\u03bc": 0, "\u03c3": 0}, "IWD": {"\u03bc": 0, "\u03c3": 0}}, "all": {"OH WR": {"\u03bc": 54.228947368421025, "\u03c3": 3.911467190671051}, "GIH WR": {"\u03bc": 56.34456928838951, "\u03c3": 3.7274664435640115}, "IWD": {"\u03bc": 2.515860805860807, "\u03c3": 3.8443183054180414}}}