{"WU": {"OH WR": {"\u03bc": 52.490361445783144, "\u03c3": 4.016970460009118}, "GIH WR": {"\u03bc": 54.62065217391305, "\u03c3": 3.4051922643630395}, "IWD": {"\u03bc": 2.460206185567011, "\u03c3": 3.4293764211442124}}, "WB": {"OH WR": {"\u03bc": 55.07884615384616, "\u03c3": 3.7415204919545713}, "GIH WR": {"\u03bc": 56.99056603773582, "\u03c3": 3.3913465990772726}, "IWD": {"\u03bc": 2.2540909090909103, "\u03c3": 3.1100641020738244}}, "WR": {"OH WR": {"\u03bc": 54.306382978723406, "\u03c3": 4.188454458024381}, "GIH WR": {"\u03bc": 53.46224489795919, "\u03c3": 3.899961153812879}, "IWD": {"\u03bc": -0.5740196078431371, "\u03c3": 3.6737279403907537}}, "WG": {"OH WR": {"\u03bc": 55.204807692307675, "\u03c3": 4.381525458973523}, "GIH WR": {"\u03bc": 55.60090909090909, "\u03c3": 3.598547572021129}, "IWD": {"\u03bc": 1.056902654867257, "\u03c3": 3.3869126254033834}}, "UB": {"OH WR": {"\u03bc": 53.150000000000006, "\u03c3": 4.275292387661925}, "GIH WR": {"\u03bc": 57.68217821782175, "\u03c3": 3.373114318528527}, "IWD": {"\u03bc": 5.518627450980392, "\u03c3": 3.146673637168985}}, "UR": {"OH WR": {"\u03bc": 51.262025316455684, "\u03c3": 4.580180301505147}, "GIH WR": {"\u03bc": 53.99052631578947, "\u03c3": 3.8427532258226833}, "IWD": {"\u03bc": 3.7012000000000005, "\u03c3": 3.3328412143395023}}, "UG": {"OH WR": {"\u03bc": 54.83663366336634, "\u03c3": 4.390442427293817}, "GIH WR": {"\u03bc": 57.98440366972476, "\u03c3": 3.3527798766502603}, "IWD": {"\u03bc": 4.599067796610166, "\u03c3": 3.372383602868325}}, "BR": {"OH WR": {"\u03bc": 55.3076086956522, "\u03c3": 4.279710313633393}, "GIH WR": {"\u03bc": 55.27500000000001, "\u03c3": 3.625545935901699}, "IWD": {"\u03bc": -0.21872549019607845, "\u03c3": 3.1984026869945223}}, "BG": {"OH WR": {"\u03bc": 55.41682242990653, "\u03c3": 4.200033065764553}, "GIH WR": {"\u03bc": 57.86944444444445, "\u03c3": 3.615692606498976}, "IWD": {"\u03bc": 3.18111111111111, "\u03c3": 3.4476271482668017}}, "RG": {"OH WR": {"\u03bc": 53.60947368421052, "\u03c3": 4.5119507669068915}, "GIH WR": {"\u03bc": 53.196000000000005, "\u03c3": 3.832073068196899}, "IWD": {"\u03bc": 0.07235294117647055, "\u03c3": 3.758463436677851}}, "all": {"OH WR": {"\u03bc": 54.667803030303006, "\u03c3": 4.31804543577825}, "GIH WR": {"\u03bc": 56.384150943396236, "\u03c3": 3.6391443292227637}, "IWD": {"\u03bc": 2.831622641509434, "\u03c3": 3.6229651164424768}}}