{"WU": {"OH WR": {"\u03bc": 0, "\u03c3": 0}, "GIH WR": {"\u03bc": 57.54, "\u03c3": 2.352530552405218}, "IWD": {"\u03bc": 3.6196153846153853, "\u03c3": 2.891180861715145}}, "WB": {"OH WR": {"\u03bc": 55.32727272727272, "\u03c3": 2.8876196265155873}, "GIH WR": {"\u03bc": 55.48333333333333, "\u03c3": 3.5280621057773667}, "IWD": {"\u03bc": 0.8751063829787236, "\u03c3": 2.7052658439707917}}, "WR": {"OH WR": {"\u03bc": 61.17692307692308, "\u03c3": 3.971659960298301}, "GIH WR": {"\u03bc": 59.70526315789473, "\u03c3": 2.8768538524997527}, "IWD": {"\u03bc": -1.0530000000000004, "\u03c3": 2.847503467952234}}, "WG": {"OH WR": {"\u03bc": 57.837500000000006, "\u03c3": 2.227631870395106}, "GIH WR": {"\u03bc": 57.5, "\u03c3": 2.6153393661244038}, "IWD": {"\u03bc": 0.29000000000000004, "\u03c3": 2.893325076793135}}, "UB": {"OH WR": {"\u03bc": 54.92, "\u03c3": 2.72572926021643}, "GIH WR": {"\u03bc": 57.870833333333316, "\u03c3": 2.2342931706072546}, "IWD": {"\u03bc": 3.3893478260869565, "\u03c3": 2.982793702273317}}, "UR": {"OH WR": {"\u03bc": 57.442857142857136, "\u03c3": 2.755699103861015}, "GIH WR": {"\u03bc": 59.27, "\u03c3": 2.2700440524359866}, "IWD": {"\u03bc": 2.8484848484848495, "\u03c3": 2.701548513534886}}, "UG": {"OH WR": {"\u03bc": 59.15, "\u03c3": 4.25}, "GIH WR": {"\u03bc": 58.23636363636364, "\u03c3": 2.6136956515014687}, "IWD": {"\u03bc": 3.5465384615384616, "\u03c3": 3.5283870168716476}}, "BR": {"OH WR": {"\u03bc": 60.356, "\u03c3": 2.2652293482117876}, "GIH WR": {"\u03bc": 59.220588235294116, "\u03c3": 2.6211559429970297}, "IWD": {"\u03bc": -0.6555172413793102, "\u03c3": 2.709912310843537}}, "BG": {"OH WR": {"\u03bc": 59.92500000000001, "\u03c3": 3.305204229695951}, "GIH WR": {"\u03bc": 59.1275, "\u03c3": 3.4389669597133374}, "IWD": {"\u03bc": 0.753448275862069, "\u03c3": 3.1859700800184694}}, "RG": {"OH WR": {"\u03bc": 59.008333333333326, "\u03c3": 2.829151325437052}, "GIH WR": {"\u03bc": 57.953333333333326, "\u03c3": 2.574714655171628}, "IWD": {"\u03bc": -0.07195121951219513, "\u03c3": 3.2944803946587995}}, "all": {"OH WR": {"\u03bc": 56.572727272727285, "\u03c3": 4.068405445013288}, "GIH WR": {"\u03bc": 57.56009615384616, "\u03c3": 3.598543240297788}, "IWD": {"\u03bc": 1.6822540983606566, "\u03c3": 3.457647297957582}}}