{"WU": {"OH WR": {"\u03bc": 52.801941747572776, "\u03c3": 16.552118220603656}, "GIH WR": {"\u03bc": 56.23600000000001, "\u03c3": 13.551268640897714}, "IWD": {"\u03bc": 5.842610619469027, "\u03c3": 20.161533487440803}}, "WB": {"OH WR": {"\u03bc": 55.11549295774645, "\u03c3": 12.222963625097915}, "GIH WR": {"\u03bc": 57.464018691588834, "\u03c3": 11.55198185527909}, "IWD": {"\u03bc": 3.2019555555555548, "\u03c3": 19.78428841722144}}, "WR": {"OH WR": {"\u03bc": 54.693157894736856, "\u03c3": 14.480109970733746}, "GIH WR": {"\u03bc": 54.130198019802, "\u03c3": 12.465704595003725}, "IWD": {"\u03bc": -1.7008018867924526, "\u03c3": 19.947791285933544}}, "WG": {"OH WR": {"\u03bc": 52.62274881516584, "\u03c3": 12.495730229186398}, "GIH WR": {"\u03bc": 55.06073059360727, "\u03c3": 11.28757798723141}, "IWD": {"\u03bc": 1.1342982456140354, "\u03c3": 16.19013108912276}}, "UB": {"OH WR": {"\u03bc": 53.2397196261682, "\u03c3": 13.948287735866076}, "GIH WR": {"\u03bc": 58.40361990950233, "\u03c3": 10.38136973501032}, "IWD": {"\u03bc": 6.22406113537118, "\u03c3": 14.671638880415186}}, "UR": {"OH WR": {"\u03bc": 53.138604651162794, "\u03c3": 12.471405355507205}, "GIH WR": {"\u03bc": 55.84935064935067, "\u03c3": 12.39181712312507}, "IWD": {"\u03bc": 4.017260869565219, "\u03c3": 15.938003199128342}}, "UG": {"OH WR": {"\u03bc": 50.45633802816901, "\u03c3": 14.162594379128029}, "GIH WR": {"\u03bc": 53.24337899543382, "\u03c3": 11.161880232180852}, "IWD": {"\u03bc": 5.485929203539822, "\u03c3": 16.975544936952463}}, "BR": {"OH WR": {"\u03bc": 55.005022831050255, "\u03c3": 14.239251249311922}, "GIH WR": {"\u03bc": 57.29687500000002, "\u03c3": 11.648928486227055}, "IWD": {"\u03bc": 1.0890000000000002, "\u03c3": 18.773836705696947}}, "BG": {"OH WR": {"\u03bc": 54.33693693693697, "\u03c3": 16.111967058976266}, "GIH WR": {"\u03bc": 57.39740259740261, "\u03c3": 12.083310812021127}, "IWD": {"\u03bc": 3.7176470588235278, "\u03c3": 19.956765273409264}}, "RG": {"OH WR": {"\u03bc": 53.469306930693065, "\u03c3": 11.450632241390668}, "GIH WR": {"\u03bc": 55.31851851851852, "\u03c3": 12.248542227306132}, "IWD": {"\u03bc": 1.7007692307692308, "\u03c3": 17.432117439164095}}, "all": {"OH WR": {"\u03bc": 53.63026819923371, "\u03c3": 6.4597696604445725}, "GIH WR": {"\u03bc": 56.224521072796925, "\u03c3": 5.07649646326184}, "IWD": {"\u03bc": 2.9652490421455946, "\u03c3": 4.302412808234557}}}