{"WU": {"OH WR": {"\u03bc": 56.57788461538459, "\u03c3": 4.997267652096132}, "GIH WR": {"\u03bc": 57.34122807017542, "\u03c3": 3.567662053352498}, "IWD": {"\u03bc": 1.45925, "\u03c3": 3.5678112250369973}}, "WB": {"OH WR": {"\u03bc": 53.32967032967032, "\u03c3": 4.637531896291353}, "GIH WR": {"\u03bc": 54.76857142857143, "\u03c3": 4.1130295701463115}, "IWD": {"\u03bc": 3.093826086956523, "\u03c3": 3.846053105651739}}, "WR": {"OH WR": {"\u03bc": 56.27708333333333, "\u03c3": 4.968829489231396}, "GIH WR": {"\u03bc": 55.41359223300971, "\u03c3": 4.11193027555279}, "IWD": {"\u03bc": 0.265, "\u03c3": 4.038666030397257}}, "WG": {"OH WR": {"\u03bc": 55.706024096385555, "\u03c3": 4.551323106912511}, "GIH WR": {"\u03bc": 56.018888888888895, "\u03c3": 3.645694399469186}, "IWD": {"\u03bc": 1.7073394495412844, "\u03c3": 3.998455124193199}}, "UB": {"OH WR": {"\u03bc": 53.667, "\u03c3": 4.871859090737332}, "GIH WR": {"\u03bc": 56.34545454545455, "\u03c3": 3.5616042443523153}, "IWD": {"\u03bc": 4.468655462184874, "\u03c3": 3.716648197296882}}, "UR": {"OH WR": {"\u03bc": 56.5422680412371, "\u03c3": 5.429849441658739}, "GIH WR": {"\u03bc": 55.620370370370345, "\u03c3": 4.304127202341598}, "IWD": {"\u03bc": -0.07890756302521008, "\u03c3": 3.76022142873742}}, "UG": {"OH WR": {"\u03bc": 53.41911764705883, "\u03c3": 4.544494320957832}, "GIH WR": {"\u03bc": 53.911363636363646, "\u03c3": 3.740151668600115}, "IWD": {"\u03bc": 1.984190476190476, "\u03c3": 4.001927816619523}}, "BR": {"OH WR": {"\u03bc": 53.040740740740745, "\u03c3": 4.46350849593439}, "GIH WR": {"\u03bc": 54.47634408602152, "\u03c3": 4.473635981207848}, "IWD": {"\u03bc": 2.8787850467289706, "\u03c3": 4.506436665602304}}, "BG": {"OH WR": {"\u03bc": 54.1648936170213, "\u03c3": 4.709987293807872}, "GIH WR": {"\u03bc": 56.61578947368421, "\u03c3": 4.140272449450477}, "IWD": {"\u03bc": 3.777190082644626, "\u03c3": 3.7808200656507407}}, "RG": {"OH WR": {"\u03bc": 56.16138613861386, "\u03c3": 5.6467281387259245}, "GIH WR": {"\u03bc": 55.76052631578947, "\u03c3": 4.719530500382884}, "IWD": {"\u03bc": 0.5890399999999999, "\u03c3": 4.475413620929355}}, "all": {"OH WR": {"\u03bc": 54.78178571428572, "\u03c3": 5.077561671266063}, "GIH WR": {"\u03bc": 55.71494661921708, "\u03c3": 3.9420974709486956}, "IWD": {"\u03bc": 2.0818021201413437, "\u03c3": 3.8709622898166787}}}