{"WU": {"OH WR": {"\u03bc": 53.05999999999999, "\u03c3": 3.6121646326452685}, "GIH WR": {"\u03bc": 54.314000000000014, "\u03c3": 2.571537283416285}, "IWD": {"\u03bc": 1.8690410958904113, "\u03c3": 3.2250620316360066}}, "WB": {"OH WR": {"\u03bc": 55.78169014084505, "\u03c3": 3.4286000863143293}, "GIH WR": {"\u03bc": 57.416216216216206, "\u03c3": 3.00315271398589}, "IWD": {"\u03bc": 2.1739130434782603, "\u03c3": 3.2690904055096257}}, "WR": {"OH WR": {"\u03bc": 55.423188405797084, "\u03c3": 3.7256706400494455}, "GIH WR": {"\u03bc": 53.878666666666675, "\u03c3": 3.536487648626655}, "IWD": {"\u03bc": -0.14726190476190473, "\u03c3": 3.651568596797846}}, "WG": {"OH WR": {"\u03bc": 56.68235294117646, "\u03c3": 4.252948498895332}, "GIH WR": {"\u03bc": 56.71075268817205, "\u03c3": 3.590742648365912}, "IWD": {"\u03bc": 0.5680392156862746, "\u03c3": 3.593815777359683}}, "UB": {"OH WR": {"\u03bc": 54.331250000000004, "\u03c3": 3.75816645509039}, "GIH WR": {"\u03bc": 58.441538461538464, "\u03c3": 2.6849949037449017}, "IWD": {"\u03bc": 5.285647058823527, "\u03c3": 3.8409929620159495}}, "UR": {"OH WR": {"\u03bc": 50.24750000000001, "\u03c3": 3.602428868138828}, "GIH WR": {"\u03bc": 53.04339622641511, "\u03c3": 3.0439243187206486}, "IWD": {"\u03bc": 3.8469863013698626, "\u03c3": 2.7817929001883615}}, "UG": {"OH WR": {"\u03bc": 55.678571428571445, "\u03c3": 4.380537894471175}, "GIH WR": {"\u03bc": 58.357831325301184, "\u03c3": 3.4596510890978354}, "IWD": {"\u03bc": 4.43298969072165, "\u03c3": 3.8429448450853347}}, "BR": {"OH WR": {"\u03bc": 56.40169491525427, "\u03c3": 4.442456623994864}, "GIH WR": {"\u03bc": 55.573913043478264, "\u03c3": 3.0855273278629842}, "IWD": {"\u03bc": 0.27674698795180724, "\u03c3": 3.499425463492417}}, "BG": {"OH WR": {"\u03bc": 56.92235294117648, "\u03c3": 4.133318748346482}, "GIH WR": {"\u03bc": 59.03052631578948, "\u03c3": 3.6356733593136865}, "IWD": {"\u03bc": 3.0086538461538463, "\u03c3": 3.748901392329262}}, "RG": {"OH WR": {"\u03bc": 54.57272727272727, "\u03c3": 3.60446463282083}, "GIH WR": {"\u03bc": 54.25285714285715, "\u03c3": 3.5096080948721093}, "IWD": {"\u03bc": 0.21932584269662925, "\u03c3": 3.792920015257525}}, "all": {"OH WR": {"\u03bc": 55.136399999999995, "\u03c3": 4.365867043325988}, "GIH WR": {"\u03bc": 56.526171875, "\u03c3": 3.697853393586471}, "IWD": {"\u03bc": 2.555423076923077, "\u03c3": 3.742166615057656}}}