{"WU": {"OH WR": {"\u03bc": 50.19999999999999, "\u03c3": 3.70098598988125}, "GIH WR": {"\u03bc": 53.674193548387095, "\u03c3": 2.9132586501268687}, "IWD": {"\u03bc": 3.9544186046511625, "\u03c3": 4.0262977410008745}}, "WB": {"OH WR": {"\u03bc": 53.50298507462686, "\u03c3": 3.785004589963649}, "GIH WR": {"\u03bc": 54.82133333333335, "\u03c3": 3.264324057987436}, "IWD": {"\u03bc": 1.956067415730337, "\u03c3": 3.3138929949489877}}, "WR": {"OH WR": {"\u03bc": 58.98405797101449, "\u03c3": 3.6524212016579534}, "GIH WR": {"\u03bc": 56.81756756756758, "\u03c3": 3.9853908251535892}, "IWD": {"\u03bc": -1.109318181818182, "\u03c3": 3.3803741036427475}}, "WG": {"OH WR": {"\u03bc": 54.514999999999986, "\u03c3": 3.4490010631099164}, "GIH WR": {"\u03bc": 55.87464788732395, "\u03c3": 3.720242242220981}, "IWD": {"\u03bc": 1.8203448275862073, "\u03c3": 3.6837089156645924}}, "UB": {"OH WR": {"\u03bc": 53.74237288135593, "\u03c3": 4.200976617279082}, "GIH WR": {"\u03bc": 56.86999999999999, "\u03c3": 2.884458354700238}, "IWD": {"\u03bc": 3.7241935483870963, "\u03c3": 3.1146543406072764}}, "UR": {"OH WR": {"\u03bc": 54.332653061224505, "\u03c3": 3.078323672834864}, "GIH WR": {"\u03bc": 57.36307692307694, "\u03c3": 2.75606013280213}, "IWD": {"\u03bc": 3.449764705882354, "\u03c3": 2.9404589383574278}}, "UG": {"OH WR": {"\u03bc": 53.514893617021265, "\u03c3": 3.116734428744444}, "GIH WR": {"\u03bc": 56.46290322580647, "\u03c3": 3.4843536851958614}, "IWD": {"\u03bc": 4.549250000000001, "\u03c3": 3.9708987568937086}}, "BR": {"OH WR": {"\u03bc": 58.089610389610385, "\u03c3": 3.736467684497573}, "GIH WR": {"\u03bc": 57.611494252873584, "\u03c3": 3.3390557302188295}, "IWD": {"\u03bc": 0.09168316831683176, "\u03c3": 3.344095156311969}}, "BG": {"OH WR": {"\u03bc": 57.762162162162156, "\u03c3": 3.6955306352953072}, "GIH WR": {"\u03bc": 57.835555555555565, "\u03c3": 3.4896453532354856}, "IWD": {"\u03bc": 1.2980952380952382, "\u03c3": 3.5791912082501844}}, "RG": {"OH WR": {"\u03bc": 57.60677966101694, "\u03c3": 3.717200714898317}, "GIH WR": {"\u03bc": 56.984615384615374, "\u03c3": 3.142866441237301}, "IWD": {"\u03bc": 0.16435294117647062, "\u03c3": 3.414486249206572}}, "all": {"OH WR": {"\u03bc": 55.37777777777775, "\u03c3": 4.675226595656323}, "GIH WR": {"\u03bc": 56.18974358974358, "\u03c3": 3.5287263223524885}, "IWD": {"\u03bc": 1.6159856630824379, "\u03c3": 3.4397564429609306}}}