{"WU": {"OH WR": {"\u03bc": 0, "\u03c3": 0}, "GIH WR": {"\u03bc": 0, "\u03c3": 0}, "IWD": {"\u03bc": 2.2139999999999995, "\u03c3": 3.094683182492192}}, "WB": {"OH WR": {"\u03bc": 60.225, "\u03c3": 2.6789690181112586}, "GIH WR": {"\u03bc": 61.96000000000001, "\u03c3": 2.2968964568158774}, "IWD": {"\u03bc": 2.177096774193548, "\u03c3": 3.4018810674517077}}, "WR": {"OH WR": {"\u03bc": 59.760000000000005, "\u03c3": 2.3052982453470086}, "GIH WR": {"\u03bc": 56.709090909090904, "\u03c3": 2.0878238106848994}, "IWD": {"\u03bc": -0.8652173913043477, "\u03c3": 2.212085126055264}}, "WG": {"OH WR": {"\u03bc": 60.75999999999999, "\u03c3": 2.133791617442215}, "GIH WR": {"\u03bc": 60.72105263157895, "\u03c3": 2.6782906857228768}, "IWD": {"\u03bc": 0.6017391304347828, "\u03c3": 3.2994263693450834}}, "UB": {"OH WR": {"\u03bc": 0, "\u03c3": 0}, "GIH WR": {"\u03bc": 64.34, "\u03c3": 2.6896839963088603}, "IWD": {"\u03bc": 6.360625000000001, "\u03c3": 2.53960988330393}}, "UR": {"OH WR": {"\u03bc": 0, "\u03c3": 0}, "GIH WR": {"\u03bc": 60.7, "\u03c3": 1.5}, "IWD": {"\u03bc": 4.547777777777778, "\u03c3": 2.8785520194005634}}, "UG": {"OH WR": {"\u03bc": 61.8, "\u03c3": 3.499285641384537}, "GIH WR": {"\u03bc": 62.65882352941177, "\u03c3": 2.1741959496976486}, "IWD": {"\u03bc": 3.8200000000000007, "\u03c3": 3.0124226666556346}}, "BR": {"OH WR": {"\u03bc": 61.61428571428571, "\u03c3": 2.141713980789733}, "GIH WR": {"\u03bc": 60.76153846153847, "\u03c3": 1.7670220326598438}, "IWD": {"\u03bc": 0.35884615384615376, "\u03c3": 2.7171383800482745}}, "BG": {"OH WR": {"\u03bc": 60.43913043478261, "\u03c3": 3.241810971400262}, "GIH WR": {"\u03bc": 62.584375, "\u03c3": 2.8196973879079645}, "IWD": {"\u03bc": 2.9222, "\u03c3": 2.8836791014258156}}, "RG": {"OH WR": {"\u03bc": 57.900000000000006, "\u03c3": 1.8000000000000007}, "GIH WR": {"\u03bc": 58.50000000000001, "\u03c3": 1.449137674618944}, "IWD": {"\u03bc": -0.09875000000000012, "\u03c3": 3.0047584657506166}}, "all": {"OH WR": {"\u03bc": 58.718400000000024, "\u03c3": 3.263381902260291}, "GIH WR": {"\u03bc": 60.03192771084338, "\u03c3": 3.0202537026728753}, "IWD": {"\u03bc": 2.485934579439253, "\u03c3": 3.69788027376288}}}