{"WU": {"OH WR": {"\u03bc": 59.94999999999999, "\u03c3": 2.522730002728526}, "GIH WR": {"\u03bc": 64.66451612903225, "\u03c3": 2.659195656596639}, "IWD": {"\u03bc": 6.121818181818181, "\u03c3": 3.6263876796759864}}, "WB": {"OH WR": {"\u03bc": 61.01190476190477, "\u03c3": 2.482050072492147}, "GIH WR": {"\u03bc": 62.274545454545446, "\u03c3": 2.423687512247566}, "IWD": {"\u03bc": 2.5411594202898553, "\u03c3": 3.568186132887829}}, "WR": {"OH WR": {"\u03bc": 60.373529411764714, "\u03c3": 2.900335561065651}, "GIH WR": {"\u03bc": 59.361702127659555, "\u03c3": 3.152341459491581}, "IWD": {"\u03bc": 0.031250000000000035, "\u03c3": 3.7990121190063535}}, "WG": {"OH WR": {"\u03bc": 59.720000000000006, "\u03c3": 3.8380898026665986}, "GIH WR": {"\u03bc": 61.337037037037035, "\u03c3": 2.012764479634939}, "IWD": {"\u03bc": 2.7761904761904765, "\u03c3": 3.0458097307776417}}, "UB": {"OH WR": {"\u03bc": 60.612765957446804, "\u03c3": 3.623541057624146}, "GIH WR": {"\u03bc": 64.8029411764706, "\u03c3": 2.941486748339594}, "IWD": {"\u03bc": 5.731466666666667, "\u03c3": 3.384508509206157}}, "UR": {"OH WR": {"\u03bc": 61.667346938775516, "\u03c3": 3.4366801585667734}, "GIH WR": {"\u03bc": 64.15757575757574, "\u03c3": 3.587860872191142}, "IWD": {"\u03bc": 4.435, "\u03c3": 3.1263947157898855}}, "UG": {"OH WR": {"\u03bc": 55.166666666666664, "\u03c3": 3.6745370078721784}, "GIH WR": {"\u03bc": 56.65263157894737, "\u03c3": 2.4519312304799183}, "IWD": {"\u03bc": 3.295483870967742, "\u03c3": 2.603622586382385}}, "BR": {"OH WR": {"\u03bc": 62.13454545454545, "\u03c3": 3.2889466775753435}, "GIH WR": {"\u03bc": 62.93382352941177, "\u03c3": 3.866127804942853}, "IWD": {"\u03bc": 1.1887999999999994, "\u03c3": 3.5917141534370467}}, "BG": {"OH WR": {"\u03bc": 61.06363636363637, "\u03c3": 2.33501906835614}, "GIH WR": {"\u03bc": 64.24117647058826, "\u03c3": 2.4871573245561747}, "IWD": {"\u03bc": 3.599574468085106, "\u03c3": 2.5112037949504717}}, "RG": {"OH WR": {"\u03bc": 57.98, "\u03c3": 2.6072207424765566}, "GIH WR": {"\u03bc": 59.8, "\u03c3": 1.6284962388657829}, "IWD": {"\u03bc": 1.5913636363636363, "\u03c3": 2.6437873925222326}}, "all": {"OH WR": {"\u03bc": 60.07020202020208, "\u03c3": 4.088178443939411}, "GIH WR": {"\u03bc": 61.94508928571429, "\u03c3": 3.3443813477489246}, "IWD": {"\u03bc": 3.3348275862068935, "\u03c3": 3.7470632138908684}}}