{"WU": {"OH WR": {"\u03bc": 0, "\u03c3": 0}, "GIH WR": {"\u03bc": 0, "\u03c3": 0}, "IWD": {"\u03bc": 0, "\u03c3": 0}}, "WB": {"OH WR": {"\u03bc": 0, "\u03c3": 0}, "GIH WR": {"\u03bc": 64.4, "\u03c3": 0.0}, "IWD": {"\u03bc": -0.557, "\u03c3": 3.0527399168615723}}, "WR": {"OH WR": {"\u03bc": 62.07307692307692, "\u03c3": 3.520004118475267}, "GIH WR": {"\u03bc": 60.215625, "\u03c3": 2.9173092670087275}, "IWD": {"\u03bc": -1.3194117647058823, "\u03c3": 2.9950975706812644}}, "WG": {"OH WR": {"\u03bc": 0, "\u03c3": 0}, "GIH WR": {"\u03bc": 0, "\u03c3": 0}, "IWD": {"\u03bc": 0, "\u03c3": 0}}, "UB": {"OH WR": {"\u03bc": 0, "\u03c3": 0}, "GIH WR": {"\u03bc": 0, "\u03c3": 0}, "IWD": {"\u03bc": 0, "\u03c3": 0}}, "UR": {"OH WR": {"\u03bc": 0, "\u03c3": 0}, "GIH WR": {"\u03bc": 61.11666666666667, "\u03c3": 1.7372551785951182}, "IWD": {"\u03bc": 2.4313333333333333, "\u03c3": 2.6766044824657147}}, "UG": {"OH WR": {"\u03bc": 61.14999999999999, "\u03c3": 2.4904818810824536}, "GIH WR": {"\u03bc": 62.864285714285714, "\u03c3": 1.9462811215447866}, "IWD": {"\u03bc": 3.687428571428572, "\u03c3": 2.8846364889651848}}, "BR": {"OH WR": {"\u03bc": 0, "\u03c3": 0}, "GIH WR": {"\u03bc": 0, "\u03c3": 0}, "IWD": {"\u03bc": 0, "\u03c3": 0}}, "BG": {"OH WR": {"\u03bc": 0, "\u03c3": 0}, "GIH WR": {"\u03bc": 0, "\u03c3": 0}, "IWD": {"\u03bc": 1.5216666666666665, "\u03c3": 2.5809262979704704}}, "RG": {"OH WR": {"\u03bc": 0, "\u03c3": 0}, "GIH WR": {"\u03bc": 0, "\u03c3": 0}, "IWD": {"\u03bc": 0, "\u03c3": 0}}, "all": {"OH WR": {"\u03bc": 58.61611374407582, "\u03c3": 3.6320096230261045}, "GIH WR": {"\u03bc": 60.51991869918701, "\u03c3": 3.8300652727323294}, "IWD": {"\u03bc": 2.3917441860465103, "\u03c3": 4.143104907632015}}}