{"WU": {"OH WR": {"\u03bc": 59.16598639455782, "\u03c3": 15.470593112027416}, "GIH WR": {"\u03bc": 61.76335403726709, "\u03c3": 13.664701270065272}, "IWD": {"\u03bc": 6.337531645569622, "\u03c3": 17.938848787086663}}, "WB": {"OH WR": {"\u03bc": 61.11518987341771, "\u03c3": 13.509603603396735}, "GIH WR": {"\u03bc": 62.713772455089824, "\u03c3": 11.299827332514006}, "IWD": {"\u03bc": 2.8818713450292393, "\u03c3": 20.46128816710063}}, "WR": {"OH WR": {"\u03bc": 61.05410958904112, "\u03c3": 13.919170414542888}, "GIH WR": {"\u03bc": 58.930666666666646, "\u03c3": 12.018846015968235}, "IWD": {"\u03bc": -1.6453548387096768, "\u03c3": 18.58708338457267}}, "WG": {"OH WR": {"\u03bc": 59.04632768361586, "\u03c3": 14.807670960770775}, "GIH WR": {"\u03bc": 61.33480662983425, "\u03c3": 12.234804696319559}, "IWD": {"\u03bc": 2.3985405405405404, "\u03c3": 17.08869889025698}}, "UB": {"OH WR": {"\u03bc": 59.64058823529414, "\u03c3": 15.266820991398015}, "GIH WR": {"\u03bc": 63.40054945054942, "\u03c3": 12.303213630274414}, "IWD": {"\u03bc": 6.683532608695654, "\u03c3": 18.90375000234373}}, "UR": {"OH WR": {"\u03bc": 62.95199999999999, "\u03c3": 14.472092710750976}, "GIH WR": {"\u03bc": 61.18263157894735, "\u03c3": 12.600629199872797}, "IWD": {"\u03bc": 5.164010416666668, "\u03c3": 21.114702619953185}}, "UG": {"OH WR": {"\u03bc": 54.85333333333332, "\u03c3": 16.424348272050732}, "GIH WR": {"\u03bc": 57.64659090909092, "\u03c3": 14.440543845711542}, "IWD": {"\u03bc": 2.7292473118279568, "\u03c3": 24.09659493798872}}, "BR": {"OH WR": {"\u03bc": 62.90346820809249, "\u03c3": 15.933666309910562}, "GIH WR": {"\u03bc": 61.74395604395604, "\u03c3": 13.040028894925255}, "IWD": {"\u03bc": 2.0823655913978487, "\u03c3": 18.86175284034941}}, "BG": {"OH WR": {"\u03bc": 60.68870056497178, "\u03c3": 14.749374668565734}, "GIH WR": {"\u03bc": 63.30273224043717, "\u03c3": 11.313300029707717}, "IWD": {"\u03bc": 1.368465608465609, "\u03c3": 17.5095807266297}}, "RG": {"OH WR": {"\u03bc": 60.279268292682936, "\u03c3": 17.136092546356284}, "GIH WR": {"\u03bc": 60.48285714285717, "\u03c3": 15.804832637325765}, "IWD": {"\u03bc": 3.85344262295082, "\u03c3": 22.575254130957404}}, "all": {"OH WR": {"\u03bc": 58.275769230769264, "\u03c3": 6.630169201389451}, "GIH WR": {"\u03bc": 60.734482758620665, "\u03c3": 5.302818470991891}, "IWD": {"\u03bc": 2.8585057471264377, "\u03c3": 4.480953099407062}}}