{"WU": {"OH WR": {"\u03bc": 59.47162162162163, "\u03c3": 14.980582208855878}, "GIH WR": {"\u03bc": 61.471604938271625, "\u03c3": 13.661889269490786}, "IWD": {"\u03bc": 6.1936249999999955, "\u03c3": 17.575854761842308}}, "WB": {"OH WR": {"\u03bc": 61.04088050314466, "\u03c3": 13.47724947134112}, "GIH WR": {"\u03bc": 63.005389221556904, "\u03c3": 11.107036435586258}, "IWD": {"\u03bc": 2.857411764705882, "\u03c3": 20.399918578438506}}, "WR": {"OH WR": {"\u03bc": 61.263513513513516, "\u03c3": 14.233568756538704}, "GIH WR": {"\u03bc": 58.71381578947367, "\u03c3": 12.285935740459418}, "IWD": {"\u03bc": -1.3652564102564102, "\u03c3": 19.203792075068378}}, "WG": {"OH WR": {"\u03bc": 58.65423728813559, "\u03c3": 15.006122916437892}, "GIH WR": {"\u03bc": 60.96298342541434, "\u03c3": 11.87037307101294}, "IWD": {"\u03bc": 2.438655913978495, "\u03c3": 17.160804108659896}}, "UB": {"OH WR": {"\u03bc": 58.96395348837211, "\u03c3": 14.626778665768189}, "GIH WR": {"\u03bc": 63.85108695652175, "\u03c3": 12.391599491145614}, "IWD": {"\u03bc": 6.538378378378378, "\u03c3": 20.117976486487997}}, "UR": {"OH WR": {"\u03bc": 62.79772727272726, "\u03c3": 14.561963819803154}, "GIH WR": {"\u03bc": 61.40052356020939, "\u03c3": 12.637638031445702}, "IWD": {"\u03bc": 5.468711340206189, "\u03c3": 20.784895732415812}}, "UG": {"OH WR": {"\u03bc": 55.34761904761907, "\u03c3": 16.944854368484872}, "GIH WR": {"\u03bc": 57.89666666666668, "\u03c3": 14.989918463939539}, "IWD": {"\u03bc": 3.506631016042781, "\u03c3": 24.232557073899294}}, "BR": {"OH WR": {"\u03bc": 62.62914285714286, "\u03c3": 16.006827359675274}, "GIH WR": {"\u03bc": 61.53641304347828, "\u03c3": 13.10561737191195}, "IWD": {"\u03bc": 2.400529100529101, "\u03c3": 18.64921161604283}}, "BG": {"OH WR": {"\u03bc": 60.463483146067425, "\u03c3": 13.889202952445125}, "GIH WR": {"\u03bc": 63.2282608695652, "\u03c3": 11.375066422041678}, "IWD": {"\u03bc": 1.1886979166666671, "\u03c3": 19.471982727123923}}, "RG": {"OH WR": {"\u03bc": 60.261077844311366, "\u03c3": 17.935409229439777}, "GIH WR": {"\u03bc": 60.77005649717514, "\u03c3": 15.420045523655578}, "IWD": {"\u03bc": 3.79586956521739, "\u03c3": 22.381171733332007}}, "all": {"OH WR": {"\u03bc": 58.36076923076925, "\u03c3": 6.504927081171699}, "GIH WR": {"\u03bc": 60.867049808429144, "\u03c3": 4.667469811164519}, "IWD": {"\u03bc": 2.9593869731800755, "\u03c3": 4.320397625164122}}}