{"WU": {"OH WR": {"\u03bc": 60.434615384615384, "\u03c3": 3.362341481272594}, "GIH WR": {"\u03bc": 59.317499999999995, "\u03c3": 3.2038170593840083}, "IWD": {"\u03bc": -0.4145454545454544, "\u03c3": 3.584741815570198}}, "WB": {"OH WR": {"\u03bc": 60.90833333333334, "\u03c3": 3.5198149414738005}, "GIH WR": {"\u03bc": 60.25624999999999, "\u03c3": 2.3078585176522424}, "IWD": {"\u03bc": -0.14515151515151503, "\u03c3": 3.8766598565917314}}, "WR": {"OH WR": {"\u03bc": 62.95897435897436, "\u03c3": 3.2395566291066262}, "GIH WR": {"\u03bc": 60.1468085106383, "\u03c3": 3.065931607669404}, "IWD": {"\u03bc": -1.3831818181818178, "\u03c3": 3.1330845286892344}}, "WG": {"OH WR": {"\u03bc": 61.3857142857143, "\u03c3": 2.6251686048864813}, "GIH WR": {"\u03bc": 61.41463414634148, "\u03c3": 2.90067788339627}, "IWD": {"\u03bc": 0.6361016949152544, "\u03c3": 3.403147604318212}}, "UB": {"OH WR": {"\u03bc": 55.833333333333336, "\u03c3": 4.322293629801451}, "GIH WR": {"\u03bc": 59.44545454545453, "\u03c3": 2.047332471274238}, "IWD": {"\u03bc": 2.749166666666667, "\u03c3": 3.3844644045336856}}, "UR": {"OH WR": {"\u03bc": 60.04583333333333, "\u03c3": 2.84868085943106}, "GIH WR": {"\u03bc": 60.302499999999995, "\u03c3": 2.4161423281752255}, "IWD": {"\u03bc": 1.3126000000000002, "\u03c3": 3.0237882267116527}}, "UG": {"OH WR": {"\u03bc": 61.021428571428565, "\u03c3": 2.4092614669907726}, "GIH WR": {"\u03bc": 63.44137931034483, "\u03c3": 3.0559740522209613}, "IWD": {"\u03bc": 2.2690697674418607, "\u03c3": 3.443754585665955}}, "BR": {"OH WR": {"\u03bc": 60.474999999999994, "\u03c3": 2.2224704722447943}, "GIH WR": {"\u03bc": 59.25714285714285, "\u03c3": 1.955473740815868}, "IWD": {"\u03bc": 1.3606451612903228, "\u03c3": 2.0622301355944748}}, "BG": {"OH WR": {"\u03bc": 59.87500000000001, "\u03c3": 2.3742103950576916}, "GIH WR": {"\u03bc": 60.71666666666666, "\u03c3": 2.5792440753057853}, "IWD": {"\u03bc": 2.076428571428572, "\u03c3": 3.753554392603269}}, "RG": {"OH WR": {"\u03bc": 59.85384615384615, "\u03c3": 2.0544942797589223}, "GIH WR": {"\u03bc": 59.599999999999994, "\u03c3": 2.524407173763252}, "IWD": {"\u03bc": -0.3921052631578948, "\u03c3": 2.913619703803733}}, "all": {"OH WR": {"\u03bc": 59.65628140703519, "\u03c3": 3.6649293001477448}, "GIH WR": {"\u03bc": 60.34794520547941, "\u03c3": 3.3845381542457913}, "IWD": {"\u03bc": 1.3112653061224488, "\u03c3": 3.8090665779057717}}}