{"WU": {"OH WR": {"\u03bc": 0, "\u03c3": 0}, "GIH WR": {"\u03bc": 0, "\u03c3": 0}, "IWD": {"\u03bc": 0, "\u03c3": 0}}, "WB": {"OH WR": {"\u03bc": 0, "\u03c3": 0}, "GIH WR": {"\u03bc": 0, "\u03c3": 0}, "IWD": {"\u03bc": 3.93, "\u03c3": 0.26000000000000023}}, "WR": {"OH WR": {"\u03bc": 0, "\u03c3": 0}, "GIH WR": {"\u03bc": 0, "\u03c3": 0}, "IWD": {"\u03bc": -1.7550000000000001, "\u03c3": 0.9650000000000001}}, "WG": {"OH WR": {"\u03bc": 0, "\u03c3": 0}, "GIH WR": {"\u03bc": 61.9, "\u03c3": 0.0}, "IWD": {"\u03bc": -0.12714285714285695, "\u03c3": 3.150445384774822}}, "UB": {"OH WR": {"\u03bc": 0, "\u03c3": 0}, "GIH WR": {"\u03bc": 0, "\u03c3": 0}, "IWD": {"\u03bc": 0, "\u03c3": 0}}, "UR": {"OH WR": {"\u03bc": 0, "\u03c3": 0}, "GIH WR": {"\u03bc": 0, "\u03c3": 0}, "IWD": {"\u03bc": 0, "\u03c3": 0}}, "UG": {"OH WR": {"\u03bc": 0, "\u03c3": 0}, "GIH WR": {"\u03bc": 0, "\u03c3": 0}, "IWD": {"\u03bc": 4.77, "\u03c3": 2.8359213670340013}}, "BR": {"OH WR": {"\u03bc": 0, "\u03c3": 0}, "GIH WR": {"\u03bc": 0, "\u03c3": 0}, "IWD": {"\u03bc": 0, "\u03c3": 0}}, "BG": {"OH WR": {"\u03bc": 0, "\u03c3": 0}, "GIH WR": {"\u03bc": 64.75, "\u03c3": 2.650000000000002}, "IWD": {"\u03bc": 2.124444444444445, "\u03c3": 2.849542306761683}}, "RG": {"OH WR": {"\u03bc": 0, "\u03c3": 0}, "GIH WR": {"\u03bc": 0, "\u03c3": 0}, "IWD": {"\u03bc": 0, "\u03c3": 0}}, "all": {"OH WR": {"\u03bc": 59.93500000000002, "\u03c3": 2.7525034059924436}, "GIH WR": {"\u03bc": 61.41428571428571, "\u03c3": 2.7306872873371075}, "IWD": {"\u03bc": 1.7556122448979596, "\u03c3": 3.498276562947886}}}