{"WU": {"OH WR": {"\u03bc": 59.361224489795944, "\u03c3": 15.045375581612484}, "GIH WR": {"\u03bc": 61.39506172839509, "\u03c3": 13.84054610028861}, "IWD": {"\u03bc": 6.121572327044026, "\u03c3": 17.730702914145127}}, "WB": {"OH WR": {"\u03bc": 61.12594936708863, "\u03c3": 13.43062898693796}, "GIH WR": {"\u03bc": 62.74910179640719, "\u03c3": 11.300282802160266}, "IWD": {"\u03bc": 2.902339181286548, "\u03c3": 20.431416278281308}}, "WR": {"OH WR": {"\u03bc": 61.139455782312936, "\u03c3": 13.87985158335405}, "GIH WR": {"\u03bc": 58.66799999999999, "\u03c3": 11.582062683304734}, "IWD": {"\u03bc": -1.7421290322580651, "\u03c3": 18.719962847602254}}, "WG": {"OH WR": {"\u03bc": 58.79717514124298, "\u03c3": 15.125812970180267}, "GIH WR": {"\u03bc": 60.85635359116016, "\u03c3": 11.951297392151043}, "IWD": {"\u03bc": 2.2929569892473114, "\u03c3": 17.170594530330977}}, "UB": {"OH WR": {"\u03bc": 59.444767441860485, "\u03c3": 15.208077201119774}, "GIH WR": {"\u03bc": 63.810928961748616, "\u03c3": 12.489264929582218}, "IWD": {"\u03bc": 7.23, "\u03c3": 18.90254830017469}}, "UR": {"OH WR": {"\u03bc": 62.922159090909076, "\u03c3": 14.53052108720121}, "GIH WR": {"\u03bc": 61.45287958115179, "\u03c3": 12.62554460309599}, "IWD": {"\u03bc": 5.523782383419691, "\u03c3": 20.841506755229833}}, "UG": {"OH WR": {"\u03bc": 54.83999999999999, "\u03c3": 16.39989578680858}, "GIH WR": {"\u03bc": 57.42102272727275, "\u03c3": 14.40062976367327}, "IWD": {"\u03bc": 2.706505376344086, "\u03c3": 24.128490925599657}}, "BR": {"OH WR": {"\u03bc": 62.858959537572254, "\u03c3": 15.938925815213258}, "GIH WR": {"\u03bc": 61.614754098360685, "\u03c3": 12.97303849033729}, "IWD": {"\u03bc": 2.19331550802139, "\u03c3": 18.74921895619387}}, "BG": {"OH WR": {"\u03bc": 60.75706214689266, "\u03c3": 14.653896663147886}, "GIH WR": {"\u03bc": 63.189673913043464, "\u03c3": 11.371916777659566}, "IWD": {"\u03bc": 1.6530526315789482, "\u03c3": 18.23978993840745}}, "RG": {"OH WR": {"\u03bc": 60.255421686747, "\u03c3": 17.882159467799713}, "GIH WR": {"\u03bc": 60.57909604519775, "\u03c3": 15.682472971597932}, "IWD": {"\u03bc": 3.8175543478260865, "\u03c3": 22.552908589949357}}, "all": {"OH WR": {"\u03bc": 58.271538461538505, "\u03c3": 6.695649961158876}, "GIH WR": {"\u03bc": 60.73984674329502, "\u03c3": 5.285331974070243}, "IWD": {"\u03bc": 2.8510344827586196, "\u03c3": 4.474642570408338}}}