{"WU": {"OH WR": {"\u03bc": 59.50684931506847, "\u03c3": 15.420155186106117}, "GIH WR": {"\u03bc": 62.50379746835444, "\u03c3": 13.849900086812074}, "IWD": {"\u03bc": 7.016666666666665, "\u03c3": 19.03128609493722}}, "WB": {"OH WR": {"\u03bc": 61.27594936708862, "\u03c3": 13.53995695064369}, "GIH WR": {"\u03bc": 62.72455089820358, "\u03c3": 11.317357063647506}, "IWD": {"\u03bc": 3.104093567251464, "\u03c3": 20.795198379442503}}, "WR": {"OH WR": {"\u03bc": 60.64589041095886, "\u03c3": 13.887878457229698}, "GIH WR": {"\u03bc": 58.58933333333334, "\u03c3": 12.218784154825801}, "IWD": {"\u03bc": -1.991612903225806, "\u03c3": 18.554627124281527}}, "WG": {"OH WR": {"\u03bc": 59.00000000000005, "\u03c3": 14.534565696985926}, "GIH WR": {"\u03bc": 61.44111111111112, "\u03c3": 12.66199382618397}, "IWD": {"\u03bc": 2.299465240641711, "\u03c3": 17.235147825581524}}, "UB": {"OH WR": {"\u03bc": 59.71117647058822, "\u03c3": 15.004879356338394}, "GIH WR": {"\u03bc": 63.44450549450545, "\u03c3": 12.466004212224565}, "IWD": {"\u03bc": 7.0092896174863375, "\u03c3": 18.769509952764917}}, "UR": {"OH WR": {"\u03bc": 62.94104046242774, "\u03c3": 14.395523271035263}, "GIH WR": {"\u03bc": 61.548677248677244, "\u03c3": 12.719245961418013}, "IWD": {"\u03bc": 5.883246073298431, "\u03c3": 20.725127828180508}}, "UG": {"OH WR": {"\u03bc": 54.41951219512194, "\u03c3": 16.069179248277305}, "GIH WR": {"\u03bc": 57.64367816091953, "\u03c3": 14.673129723968897}, "IWD": {"\u03bc": 2.8583783783783794, "\u03c3": 24.085953012191126}}, "BR": {"OH WR": {"\u03bc": 62.64476744186045, "\u03c3": 15.727816657323473}, "GIH WR": {"\u03bc": 61.139106145251404, "\u03c3": 12.523106299149369}, "IWD": {"\u03bc": 0.9065217391304344, "\u03c3": 19.192663364737477}}, "BG": {"OH WR": {"\u03bc": 60.58926553672316, "\u03c3": 15.320000885906614}, "GIH WR": {"\u03bc": 63.32527472527475, "\u03c3": 11.52226791441507}, "IWD": {"\u03bc": 1.1513227513227515, "\u03c3": 18.10216336121595}}, "RG": {"OH WR": {"\u03bc": 59.28125, "\u03c3": 17.145185867686006}, "GIH WR": {"\u03bc": 60.46666666666668, "\u03c3": 16.16597936683357}, "IWD": {"\u03bc": 3.4318681318681334, "\u03c3": 22.092345544892197}}, "all": {"OH WR": {"\u03bc": 58.210384615384626, "\u03c3": 6.81063138424559}, "GIH WR": {"\u03bc": 60.762452107279714, "\u03c3": 5.3410834604255335}, "IWD": {"\u03bc": 2.9057471264367813, "\u03c3": 4.523646419894414}}}