{"WU": {"OH WR": {"\u03bc": 59.3, "\u03c3": 7.199999999999999}, "GIH WR": {"\u03bc": 59.75384615384616, "\u03c3": 1.9898261944259514}, "IWD": {"\u03bc": 4.6346428571428575, "\u03c3": 3.5774666636590524}}, "WB": {"OH WR": {"\u03bc": 59.15, "\u03c3": 3.212345975555353}, "GIH WR": {"\u03bc": 60.35833333333333, "\u03c3": 2.9856485429839568}, "IWD": {"\u03bc": 0.903777777777778, "\u03c3": 2.3257718325932037}}, "WR": {"OH WR": {"\u03bc": 62.04571428571428, "\u03c3": 2.700089189758935}, "GIH WR": {"\u03bc": 60.00697674418603, "\u03c3": 2.8328139801213204}, "IWD": {"\u03bc": -0.827777777777778, "\u03c3": 2.9925290278230072}}, "WG": {"OH WR": {"\u03bc": 58.772222222222226, "\u03c3": 3.4006217659512985}, "GIH WR": {"\u03bc": 59.103333333333325, "\u03c3": 2.8544098436551737}, "IWD": {"\u03bc": 1.2379166666666668, "\u03c3": 2.892384366986672}}, "UB": {"OH WR": {"\u03bc": 58.130434782608674, "\u03c3": 3.082268332224443}, "GIH WR": {"\u03bc": 61.399999999999984, "\u03c3": 2.38128669332138}, "IWD": {"\u03bc": 4.179636363636363, "\u03c3": 3.4789616860815156}}, "UR": {"OH WR": {"\u03bc": 59.24615384615387, "\u03c3": 2.6575336699843697}, "GIH WR": {"\u03bc": 62.34390243902437, "\u03c3": 2.3589010236256938}, "IWD": {"\u03bc": 4.629649122807018, "\u03c3": 2.727172538055448}}, "UG": {"OH WR": {"\u03bc": 56.05, "\u03c3": 3.3904277016329374}, "GIH WR": {"\u03bc": 59.51600000000001, "\u03c3": 2.675919281293814}, "IWD": {"\u03bc": 4.885121951219513, "\u03c3": 2.7219452530750243}}, "BR": {"OH WR": {"\u03bc": 60.770212765957446, "\u03c3": 2.455381834813202}, "GIH WR": {"\u03bc": 59.84905660377357, "\u03c3": 2.6565421305026646}, "IWD": {"\u03bc": -0.19910256410256402, "\u03c3": 2.884073946337393}}, "BG": {"OH WR": {"\u03bc": 59.685714285714305, "\u03c3": 3.167178619554518}, "GIH WR": {"\u03bc": 60.42105263157894, "\u03c3": 3.1712932135570076}, "IWD": {"\u03bc": 0.9487671232876711, "\u03c3": 3.777282833374102}}, "RG": {"OH WR": {"\u03bc": 60.088636363636375, "\u03c3": 2.7580638720511974}, "GIH WR": {"\u03bc": 59.211320754716986, "\u03c3": 3.0512391777371235}, "IWD": {"\u03bc": 0.38677419354838694, "\u03c3": 3.312386710999336}}, "all": {"OH WR": {"\u03bc": 59.18834951456312, "\u03c3": 3.7074263171716635}, "GIH WR": {"\u03bc": 60.244680851063805, "\u03c3": 3.1469410010518786}, "IWD": {"\u03bc": 1.920559999999999, "\u03c3": 3.302239556180018}}}