{"WU": {"OH WR": {"\u03bc": 59.26598639455785, "\u03c3": 14.98805191535918}, "GIH WR": {"\u03bc": 61.398148148148195, "\u03c3": 13.856867407477871}, "IWD": {"\u03bc": 6.128427672955975, "\u03c3": 17.767074895940983}}, "WB": {"OH WR": {"\u03bc": 61.10759493670887, "\u03c3": 13.427934911512727}, "GIH WR": {"\u03bc": 62.73353293413176, "\u03c3": 11.270073831394498}, "IWD": {"\u03bc": 2.979411764705883, "\u03c3": 20.515618030744076}}, "WR": {"OH WR": {"\u03bc": 61.065306122448995, "\u03c3": 13.949328382443904}, "GIH WR": {"\u03bc": 58.44701986754967, "\u03c3": 11.859440635140146}, "IWD": {"\u03bc": -1.7265161290322588, "\u03c3": 18.646189460879945}}, "WG": {"OH WR": {"\u03bc": 58.7909604519774, "\u03c3": 15.10834796308244}, "GIH WR": {"\u03bc": 60.85635359116019, "\u03c3": 11.986582091639558}, "IWD": {"\u03bc": 2.320913978494622, "\u03c3": 17.18890642255501}}, "UB": {"OH WR": {"\u03bc": 59.46337209302328, "\u03c3": 15.209249642092816}, "GIH WR": {"\u03bc": 63.836956521739104, "\u03c3": 12.461996293002391}, "IWD": {"\u03bc": 6.632054054054053, "\u03c3": 20.403470825494562}}, "UR": {"OH WR": {"\u03bc": 62.91420454545455, "\u03c3": 14.530714821745297}, "GIH WR": {"\u03bc": 61.43560209424081, "\u03c3": 12.646001355841015}, "IWD": {"\u03bc": 5.471185567010311, "\u03c3": 20.793759277319023}}, "UG": {"OH WR": {"\u03bc": 54.916969696969694, "\u03c3": 16.379272282804067}, "GIH WR": {"\u03bc": 57.16818181818183, "\u03c3": 14.086542945263771}, "IWD": {"\u03bc": 2.9614594594594594, "\u03c3": 24.078674034825585}}, "BR": {"OH WR": {"\u03bc": 62.870520231213895, "\u03c3": 15.973438873340402}, "GIH WR": {"\u03bc": 61.53387978142079, "\u03c3": 13.019294203577934}, "IWD": {"\u03bc": 2.160320855614975, "\u03c3": 18.75640408006553}}, "BG": {"OH WR": {"\u03bc": 60.66610169491527, "\u03c3": 14.466656892294623}, "GIH WR": {"\u03bc": 63.12499999999999, "\u03c3": 11.386725919855676}, "IWD": {"\u03bc": 1.5627894736842112, "\u03c3": 18.208078054241827}}, "RG": {"OH WR": {"\u03bc": 60.23734939759038, "\u03c3": 17.865428760081183}, "GIH WR": {"\u03bc": 60.533898305084776, "\u03c3": 15.729786887865988}, "IWD": {"\u03bc": 3.796467391304347, "\u03c3": 22.55938556775402}}, "all": {"OH WR": {"\u03bc": 58.253461538461536, "\u03c3": 6.692902924457594}, "GIH WR": {"\u03bc": 60.73103448275861, "\u03c3": 5.290082755326037}, "IWD": {"\u03bc": 2.849272030651341, "\u03c3": 4.47850137499656}}}