{"WU": {"OH WR": {"\u03bc": 0, "\u03c3": 0}, "GIH WR": {"\u03bc": 60.5, "\u03c3": 2.3999999999999986}, "IWD": {"\u03bc": 2.869, "\u03c3": 2.6280504180856195}}, "WB": {"OH WR": {"\u03bc": 0, "\u03c3": 0}, "GIH WR": {"\u03bc": 62.25555555555555, "\u03c3": 1.3359234102390352}, "IWD": {"\u03bc": 1.9945454545454546, "\u03c3": 2.2061149052591555}}, "WR": {"OH WR": {"\u03bc": 57.1, "\u03c3": 0.0}, "GIH WR": {"\u03bc": 55.9, "\u03c3": 0.0}, "IWD": {"\u03bc": 0.817, "\u03c3": 3.6434133721003987}}, "WG": {"OH WR": {"\u03bc": 61.93191489361705, "\u03c3": 2.4340760301224127}, "GIH WR": {"\u03bc": 61.43396226415095, "\u03c3": 3.0841006392938897}, "IWD": {"\u03bc": 0.6330882352941177, "\u03c3": 3.470359473392846}}, "UB": {"OH WR": {"\u03bc": 61.4, "\u03c3": 1.596245595138792}, "GIH WR": {"\u03bc": 64.03125, "\u03c3": 2.0756681906075465}, "IWD": {"\u03bc": 4.862432432432431, "\u03c3": 3.6074535492920052}}, "UR": {"OH WR": {"\u03bc": 53.0, "\u03c3": 0.10000000000000142}, "GIH WR": {"\u03bc": 58.353846153846156, "\u03c3": 1.9349479756931596}, "IWD": {"\u03bc": 4.4021739130434785, "\u03c3": 2.566630266765354}}, "UG": {"OH WR": {"\u03bc": 0, "\u03c3": 0}, "GIH WR": {"\u03bc": 60.8125, "\u03c3": 2.759727115132945}, "IWD": {"\u03bc": 2.6370833333333326, "\u03c3": 3.448428964962}}, "BR": {"OH WR": {"\u03bc": 57.28333333333333, "\u03c3": 1.2401836781523767}, "GIH WR": {"\u03bc": 57.12666666666667, "\u03c3": 3.1293165743053573}, "IWD": {"\u03bc": 1.4293103448275861, "\u03c3": 2.606243076278881}}, "BG": {"OH WR": {"\u03bc": 61.14838709677419, "\u03c3": 2.4804878510463104}, "GIH WR": {"\u03bc": 62.474999999999994, "\u03c3": 2.9619653334169254}, "IWD": {"\u03bc": 2.7046875000000012, "\u03c3": 2.5713876170938814}}, "RG": {"OH WR": {"\u03bc": 59.65714285714286, "\u03c3": 2.9300693033525618}, "GIH WR": {"\u03bc": 57.88, "\u03c3": 2.968321635762091}, "IWD": {"\u03bc": -0.3261111111111111, "\u03c3": 2.668002038331907}}, "all": {"OH WR": {"\u03bc": 58.95149700598801, "\u03c3": 3.896195845995208}, "GIH WR": {"\u03bc": 60.08921568627455, "\u03c3": 3.2028298413582816}, "IWD": {"\u03bc": 2.883307392996108, "\u03c3": 3.547870676534893}}}