{"WU": {"OH WR": {"\u03bc": 0, "\u03c3": 0}, "GIH WR": {"\u03bc": 0, "\u03c3": 0}, "IWD": {"\u03bc": 3.33, "\u03c3": 0.0}}, "WB": {"OH WR": {"\u03bc": 0, "\u03c3": 0}, "GIH WR": {"\u03bc": 0, "\u03c3": 0}, "IWD": {"\u03bc": 0, "\u03c3": 0}}, "WR": {"OH WR": {"\u03bc": 0, "\u03c3": 0}, "GIH WR": {"\u03bc": 0, "\u03c3": 0}, "IWD": {"\u03bc": -3.21, "\u03c3": 0.0}}, "WG": {"OH WR": {"\u03bc": 62.11428571428571, "\u03c3": 2.327124879348254}, "GIH WR": {"\u03bc": 63.36363636363637, "\u03c3": 3.253885153941566}, "IWD": {"\u03bc": 0.2828571428571429, "\u03c3": 2.9682246463198183}}, "UB": {"OH WR": {"\u03bc": 0, "\u03c3": 0}, "GIH WR": {"\u03bc": 0, "\u03c3": 0}, "IWD": {"\u03bc": 5.514285714285713, "\u03c3": 2.379164662186272}}, "UR": {"OH WR": {"\u03bc": 0, "\u03c3": 0}, "GIH WR": {"\u03bc": 57.1, "\u03c3": 0.0}, "IWD": {"\u03bc": 4.288000000000001, "\u03c3": 2.5774436948263295}}, "UG": {"OH WR": {"\u03bc": 0, "\u03c3": 0}, "GIH WR": {"\u03bc": 0, "\u03c3": 0}, "IWD": {"\u03bc": 3.79, "\u03c3": 1.51}}, "BR": {"OH WR": {"\u03bc": 0, "\u03c3": 0}, "GIH WR": {"\u03bc": 0, "\u03c3": 0}, "IWD": {"\u03bc": 1.4628571428571424, "\u03c3": 3.1077769467933836}}, "BG": {"OH WR": {"\u03bc": 63.65, "\u03c3": 2.8500000000000014}, "GIH WR": {"\u03bc": 64.06666666666666, "\u03c3": 2.099735433069818}, "IWD": {"\u03bc": 2.06, "\u03c3": 3.5096497925956465}}, "RG": {"OH WR": {"\u03bc": 0, "\u03c3": 0}, "GIH WR": {"\u03bc": 0, "\u03c3": 0}, "IWD": {"\u03bc": -0.5370000000000001, "\u03c3": 2.32270122917262}}, "all": {"OH WR": {"\u03bc": 60.15733333333333, "\u03c3": 3.2576545072933816}, "GIH WR": {"\u03bc": 60.54090909090912, "\u03c3": 3.2467408960804054}, "IWD": {"\u03bc": 1.9907692307692315, "\u03c3": 3.228060586161448}}}