{"WU": {"OH WR": {"\u03bc": 60.150000000000006, "\u03c3": 7.2500000000000036}, "GIH WR": {"\u03bc": 59.59166666666667, "\u03c3": 1.9889102264528915}, "IWD": {"\u03bc": 4.528846153846153, "\u03c3": 3.649489244478209}}, "WB": {"OH WR": {"\u03bc": 59.379999999999995, "\u03c3": 3.0162228034414174}, "GIH WR": {"\u03bc": 60.43157894736842, "\u03c3": 3.0546000912478743}, "IWD": {"\u03bc": 0.9797777777777779, "\u03c3": 2.342197912587319}}, "WR": {"OH WR": {"\u03bc": 62.308823529411754, "\u03c3": 2.707980324789375}, "GIH WR": {"\u03bc": 60.43249999999999, "\u03c3": 2.7266634830869765}, "IWD": {"\u03bc": -0.7346031746031749, "\u03c3": 2.962056249209657}}, "WG": {"OH WR": {"\u03bc": 58.99333333333333, "\u03c3": 2.59909385919187}, "GIH WR": {"\u03bc": 59.53928571428571, "\u03c3": 2.783925707869874}, "IWD": {"\u03bc": 1.2470454545454543, "\u03c3": 3.008307874979081}}, "UB": {"OH WR": {"\u03bc": 58.23999999999999, "\u03c3": 3.262115877770132}, "GIH WR": {"\u03bc": 61.754054054054045, "\u03c3": 2.3714056265697794}, "IWD": {"\u03bc": 4.236470588235295, "\u03c3": 2.668061515245656}}, "UR": {"OH WR": {"\u03bc": 59.544000000000004, "\u03c3": 2.7581269006338345}, "GIH WR": {"\u03bc": 62.76923076923078, "\u03c3": 2.4149272799110086}, "IWD": {"\u03bc": 4.630740740740741, "\u03c3": 2.5809285235929624}}, "UG": {"OH WR": {"\u03bc": 55.383333333333326, "\u03c3": 3.662156316828775}, "GIH WR": {"\u03bc": 59.480000000000004, "\u03c3": 2.5533507397143853}, "IWD": {"\u03bc": 4.8165000000000004, "\u03c3": 2.67886034537077}}, "BR": {"OH WR": {"\u03bc": 60.929545454545455, "\u03c3": 2.5150076400981503}, "GIH WR": {"\u03bc": 59.917307692307716, "\u03c3": 2.6979138061334433}, "IWD": {"\u03bc": -0.19013333333333343, "\u03c3": 2.8162705804347397}}, "BG": {"OH WR": {"\u03bc": 59.949999999999996, "\u03c3": 3.341097840921259}, "GIH WR": {"\u03bc": 60.511111111111134, "\u03c3": 3.01795041234246}, "IWD": {"\u03bc": 1.0215492957746477, "\u03c3": 3.8087732851550467}}, "RG": {"OH WR": {"\u03bc": 60.499999999999986, "\u03c3": 2.6034592372457075}, "GIH WR": {"\u03bc": 59.356862745098056, "\u03c3": 3.1813953592946413}, "IWD": {"\u03bc": 0.2851666666666667, "\u03c3": 3.1969602706668447}}, "all": {"OH WR": {"\u03bc": 59.312807881773416, "\u03c3": 3.7646179452150808}, "GIH WR": {"\u03bc": 60.389655172413796, "\u03c3": 3.2027568757606093}, "IWD": {"\u03bc": 1.9459349593495936, "\u03c3": 3.3057132945876626}}}