{"WU": {"OH WR": {"\u03bc": 60.12173913043479, "\u03c3": 3.4282656943529766}, "GIH WR": {"\u03bc": 59.13243243243246, "\u03c3": 3.4277921389922885}, "IWD": {"\u03bc": -0.5664705882352941, "\u03c3": 3.3641336754638407}}, "WB": {"OH WR": {"\u03bc": 61.0375, "\u03c3": 3.0252840775702357}, "GIH WR": {"\u03bc": 60.00714285714287, "\u03c3": 2.4722645159316365}, "IWD": {"\u03bc": -0.06875, "\u03c3": 3.9399641099253686}}, "WR": {"OH WR": {"\u03bc": 63.36285714285714, "\u03c3": 2.8652684455921618}, "GIH WR": {"\u03bc": 60.40444444444445, "\u03c3": 2.821107391358975}, "IWD": {"\u03bc": -1.4274603174603173, "\u03c3": 3.0358132030776948}}, "WG": {"OH WR": {"\u03bc": 61.39117647058824, "\u03c3": 2.676517452724806}, "GIH WR": {"\u03bc": 61.65945945945946, "\u03c3": 3.05326227478524}, "IWD": {"\u03bc": 0.3505555555555556, "\u03c3": 3.244804631833084}}, "UB": {"OH WR": {"\u03bc": 53.65, "\u03c3": 0.3500000000000014}, "GIH WR": {"\u03bc": 59.709999999999994, "\u03c3": 1.8349114420047625}, "IWD": {"\u03bc": 2.0499999999999994, "\u03c3": 2.676189247584873}}, "UR": {"OH WR": {"\u03bc": 60.370588235294115, "\u03c3": 2.9979924078470677}, "GIH WR": {"\u03bc": 60.694594594594605, "\u03c3": 2.393340529406651}, "IWD": {"\u03bc": 1.4616666666666667, "\u03c3": 2.9908508636989724}}, "UG": {"OH WR": {"\u03bc": 62.5, "\u03c3": 1.9989997498749206}, "GIH WR": {"\u03bc": 63.809090909090905, "\u03c3": 2.354668301463575}, "IWD": {"\u03bc": 2.9056756756756754, "\u03c3": 3.0810208386713724}}, "BR": {"OH WR": {"\u03bc": 61.150000000000006, "\u03c3": 2.5714781741247563}, "GIH WR": {"\u03bc": 59.31666666666667, "\u03c3": 2.0111494778415215}, "IWD": {"\u03bc": 1.5137931034482761, "\u03c3": 2.0534989715505905}}, "BG": {"OH WR": {"\u03bc": 60.400000000000006, "\u03c3": 2.376016528868127}, "GIH WR": {"\u03bc": 61.22, "\u03c3": 2.685069831494146}, "IWD": {"\u03bc": 2.2905405405405403, "\u03c3": 3.954410432666049}}, "RG": {"OH WR": {"\u03bc": 60.51000000000001, "\u03c3": 2.366622065307428}, "GIH WR": {"\u03bc": 59.96249999999999, "\u03c3": 2.8729068467320698}, "IWD": {"\u03bc": -0.0749999999999999, "\u03c3": 2.9873697362690934}}, "all": {"OH WR": {"\u03bc": 59.760103626943035, "\u03c3": 3.6988044546051}, "GIH WR": {"\u03bc": 60.39906103286384, "\u03c3": 3.4147840769292643}, "IWD": {"\u03bc": 1.2760669456066933, "\u03c3": 3.779459405970122}}}