{"WU": {"OH WR": {"\u03bc": 61.27692307692309, "\u03c3": 3.626696705554911}, "GIH WR": {"\u03bc": 62.28970588235294, "\u03c3": 3.313170673764757}, "IWD": {"\u03bc": 1.6832051282051281, "\u03c3": 3.8188155948757214}}, "WB": {"OH WR": {"\u03bc": 59.1695652173913, "\u03c3": 3.3463068263656695}, "GIH WR": {"\u03bc": 61.15135135135137, "\u03c3": 3.0359665295329132}, "IWD": {"\u03bc": 2.5753571428571425, "\u03c3": 3.201559867741769}}, "WR": {"OH WR": {"\u03bc": 59.72916666666668, "\u03c3": 3.015305286736688}, "GIH WR": {"\u03bc": 59.00714285714285, "\u03c3": 2.6897860471776993}, "IWD": {"\u03bc": -0.06743243243243247, "\u03c3": 3.704285341882193}}, "WG": {"OH WR": {"\u03bc": 60.09411764705882, "\u03c3": 2.928856550266935}, "GIH WR": {"\u03bc": 61.165384615384625, "\u03c3": 2.105659463243743}, "IWD": {"\u03bc": 1.04, "\u03c3": 2.2132252153042486}}, "UB": {"OH WR": {"\u03bc": 59.053125000000016, "\u03c3": 3.7305314948911765}, "GIH WR": {"\u03bc": 61.195918367346934, "\u03c3": 2.8903752445937876}, "IWD": {"\u03bc": 3.750999999999999, "\u03c3": 3.6984908698394423}}, "UR": {"OH WR": {"\u03bc": 61.18750000000001, "\u03c3": 3.4989060790481377}, "GIH WR": {"\u03bc": 60.91206896551723, "\u03c3": 2.602192549410837}, "IWD": {"\u03bc": 0.2830882352941177, "\u03c3": 3.6529698865737363}}, "UG": {"OH WR": {"\u03bc": 58.84285714285714, "\u03c3": 2.2461758885824104}, "GIH WR": {"\u03bc": 58.54, "\u03c3": 1.9985995096567004}, "IWD": {"\u03bc": 1.0266666666666666, "\u03c3": 2.469011048082927}}, "BR": {"OH WR": {"\u03bc": 59.63333333333333, "\u03c3": 1.8562207723101138}, "GIH WR": {"\u03bc": 61.035000000000004, "\u03c3": 1.5969580457857997}, "IWD": {"\u03bc": 2.77921052631579, "\u03c3": 3.3043841544059607}}, "BG": {"OH WR": {"\u03bc": 59.98214285714287, "\u03c3": 3.2224717189747127}, "GIH WR": {"\u03bc": 61.95897435897436, "\u03c3": 2.538495208271912}, "IWD": {"\u03bc": 2.8308, "\u03c3": 2.9604039183868136}}, "RG": {"OH WR": {"\u03bc": 61.43250000000002, "\u03c3": 2.896237861433346}, "GIH WR": {"\u03bc": 61.56590909090908, "\u03c3": 3.0323215814873135}, "IWD": {"\u03bc": 0.541875, "\u03c3": 3.6142127751939293}}, "all": {"OH WR": {"\u03bc": 59.7787330316742, "\u03c3": 4.7094830898917985}, "GIH WR": {"\u03bc": 60.91999999999998, "\u03c3": 3.3201681684316324}, "IWD": {"\u03bc": 2.425813953488374, "\u03c3": 3.8045809184963706}}}