{"WU": {"OH WR": {"\u03bc": 61.345833333333324, "\u03c3": 3.6582075718702574}, "GIH WR": {"\u03bc": 62.34354838709676, "\u03c3": 3.3647902186318586}, "IWD": {"\u03bc": 1.7163157894736845, "\u03c3": 3.8796947255467034}}, "WB": {"OH WR": {"\u03bc": 58.76666666666667, "\u03c3": 3.0094032525582115}, "GIH WR": {"\u03bc": 60.941176470588225, "\u03c3": 3.1129820814528255}, "IWD": {"\u03bc": 2.700192307692308, "\u03c3": 3.3764589384468686}}, "WR": {"OH WR": {"\u03bc": 59.786363636363646, "\u03c3": 3.280977605773435}, "GIH WR": {"\u03bc": 59.12830188679245, "\u03c3": 2.6420673265306784}, "IWD": {"\u03bc": -0.27402777777777776, "\u03c3": 3.5490208586008554}}, "WG": {"OH WR": {"\u03bc": 60.371428571428574, "\u03c3": 3.2512477981381176}, "GIH WR": {"\u03bc": 60.877272727272725, "\u03c3": 1.8315249032089023}, "IWD": {"\u03bc": 1.2076315789473686, "\u03c3": 2.1832899296468864}}, "UB": {"OH WR": {"\u03bc": 59.11666666666667, "\u03c3": 3.592499903348022}, "GIH WR": {"\u03bc": 61.5111111111111, "\u03c3": 2.8051715908872645}, "IWD": {"\u03bc": 3.4280000000000004, "\u03c3": 3.1288798847723975}}, "UR": {"OH WR": {"\u03bc": 61.64318181818183, "\u03c3": 3.25509375142691}, "GIH WR": {"\u03bc": 60.95454545454544, "\u03c3": 2.3745482388957635}, "IWD": {"\u03bc": 0.09406250000000002, "\u03c3": 3.588864165177299}}, "UG": {"OH WR": {"\u03bc": 57.54, "\u03c3": 1.836954000512805}, "GIH WR": {"\u03bc": 58.05384615384616, "\u03c3": 2.1812541856659458}, "IWD": {"\u03bc": 0.9865517241379312, "\u03c3": 2.434481146819824}}, "BR": {"OH WR": {"\u03bc": 59.837500000000006, "\u03c3": 2.3685108718348755}, "GIH WR": {"\u03bc": 61.38235294117647, "\u03c3": 1.7958236825930152}, "IWD": {"\u03bc": 2.748787878787878, "\u03c3": 3.1522101506391467}}, "BG": {"OH WR": {"\u03bc": 58.92999999999999, "\u03c3": 2.71221311846986}, "GIH WR": {"\u03bc": 61.86129032258064, "\u03c3": 2.2948297314524133}, "IWD": {"\u03bc": 3.421818181818182, "\u03c3": 2.6753430304502097}}, "RG": {"OH WR": {"\u03bc": 61.550000000000004, "\u03c3": 2.678256066091432}, "GIH WR": {"\u03bc": 61.204761904761895, "\u03c3": 3.040751190159023}, "IWD": {"\u03bc": 0.5940677966101694, "\u03c3": 3.7024211586584244}}, "all": {"OH WR": {"\u03bc": 59.78831775700934, "\u03c3": 4.713433176597015}, "GIH WR": {"\u03bc": 60.91330472103004, "\u03c3": 3.3322257672308853}, "IWD": {"\u03bc": 2.381796875000001, "\u03c3": 3.7819934049374306}}}