{"WU": {"OH WR": {"\u03bc": 57.863043478260906, "\u03c3": 15.494113309866405}, "GIH WR": {"\u03bc": 61.75870967741933, "\u03c3": 13.796211668410418}, "IWD": {"\u03bc": 6.511038961038964, "\u03c3": 20.16698008958077}}, "WB": {"OH WR": {"\u03bc": 61.09871794871795, "\u03c3": 13.4269103457671}, "GIH WR": {"\u03bc": 63.20666666666669, "\u03c3": 10.962183665085652}, "IWD": {"\u03bc": 3.127810650887576, "\u03c3": 20.469313053044917}}, "WR": {"OH WR": {"\u03bc": 60.955244755244735, "\u03c3": 14.314590719178016}, "GIH WR": {"\u03bc": 59.45684931506851, "\u03c3": 11.940106855343469}, "IWD": {"\u03bc": -2.414473684210526, "\u03c3": 20.929623327182185}}, "WG": {"OH WR": {"\u03bc": 59.54761904761905, "\u03c3": 15.118921259314487}, "GIH WR": {"\u03bc": 61.43294797687859, "\u03c3": 12.324171980658749}, "IWD": {"\u03bc": 1.0825136612021857, "\u03c3": 16.431454582368424}}, "UB": {"OH WR": {"\u03bc": 59.30424242424244, "\u03c3": 15.021319602747859}, "GIH WR": {"\u03bc": 63.85222222222223, "\u03c3": 12.890054113995346}, "IWD": {"\u03bc": 7.0646408839779005, "\u03c3": 20.341079696357745}}, "UR": {"OH WR": {"\u03bc": 63.07261904761903, "\u03c3": 14.302650030763335}, "GIH WR": {"\u03bc": 61.75901639344263, "\u03c3": 12.740362825844386}, "IWD": {"\u03bc": 6.208465608465608, "\u03c3": 23.10576858903609}}, "UG": {"OH WR": {"\u03bc": 55.30189873417722, "\u03c3": 17.632649059358748}, "GIH WR": {"\u03bc": 57.42176470588241, "\u03c3": 14.38142786631593}, "IWD": {"\u03bc": 2.920000000000001, "\u03c3": 26.736802351814628}}, "BR": {"OH WR": {"\u03bc": 62.69585798816567, "\u03c3": 15.171061502218388}, "GIH WR": {"\u03bc": 61.65367231638417, "\u03c3": 12.925842400723045}, "IWD": {"\u03bc": 0.8480662983425413, "\u03c3": 18.23308749735524}}, "BG": {"OH WR": {"\u03bc": 60.42485549132947, "\u03c3": 15.885796018850542}, "GIH WR": {"\u03bc": 64.2709497206704, "\u03c3": 12.816471799109157}, "IWD": {"\u03bc": 2.555851063829787, "\u03c3": 20.958855788850162}}, "RG": {"OH WR": {"\u03bc": 60.28552631578948, "\u03c3": 18.208447316296912}, "GIH WR": {"\u03bc": 62.09567901234571, "\u03c3": 14.526388711010966}, "IWD": {"\u03bc": 3.5831325301204817, "\u03c3": 21.20129184105119}}, "all": {"OH WR": {"\u03bc": 58.14884615384615, "\u03c3": 7.22796110570347}, "GIH WR": {"\u03bc": 60.70229885057467, "\u03c3": 5.385050479024891}, "IWD": {"\u03bc": 2.9761538461538466, "\u03c3": 4.544748513752376}}}