{"WU": {"OH WR": {"\u03bc": 59.47465753424658, "\u03c3": 15.297397986477629}, "GIH WR": {"\u03bc": 61.76521739130436, "\u03c3": 13.72545923326142}, "IWD": {"\u03bc": 6.265569620253168, "\u03c3": 18.113580313238476}}, "WB": {"OH WR": {"\u03bc": 61.19177215189874, "\u03c3": 13.38062062282175}, "GIH WR": {"\u03bc": 62.67604790419165, "\u03c3": 11.348851584417265}, "IWD": {"\u03bc": 2.901812865497075, "\u03c3": 20.472631015336713}}, "WR": {"OH WR": {"\u03bc": 60.83013698630136, "\u03c3": 13.894752975681405}, "GIH WR": {"\u03bc": 58.91799999999999, "\u03c3": 12.043604499207595}, "IWD": {"\u03bc": -1.754709677419356, "\u03c3": 18.430409699458835}}, "WG": {"OH WR": {"\u03bc": 59.09090909090909, "\u03c3": 14.971424572131014}, "GIH WR": {"\u03bc": 61.30777777777777, "\u03c3": 12.639732133042289}, "IWD": {"\u03bc": 2.328172043010754, "\u03c3": 17.191489357702334}}, "UB": {"OH WR": {"\u03bc": 59.64588235294117, "\u03c3": 15.28103825346322}, "GIH WR": {"\u03bc": 63.38021978021973, "\u03c3": 12.310807543344952}, "IWD": {"\u03bc": 6.853224043715843, "\u03c3": 18.72676655967083}}, "UR": {"OH WR": {"\u03bc": 62.948, "\u03c3": 14.49935107907543}, "GIH WR": {"\u03bc": 61.24526315789474, "\u03c3": 12.576115779072751}, "IWD": {"\u03bc": 5.220208333333332, "\u03c3": 21.074148879569577}}, "UG": {"OH WR": {"\u03bc": 54.61999999999998, "\u03c3": 16.541727585568303}, "GIH WR": {"\u03bc": 57.78977272727275, "\u03c3": 14.659522500693775}, "IWD": {"\u03bc": 2.759193548387096, "\u03c3": 24.08680634023981}}, "BR": {"OH WR": {"\u03bc": 62.71918604651161, "\u03c3": 15.750490336783411}, "GIH WR": {"\u03bc": 61.32833333333331, "\u03c3": 12.933368878817136}, "IWD": {"\u03bc": 0.8582702702702705, "\u03c3": 19.019240250618267}}, "BG": {"OH WR": {"\u03bc": 60.63785310734466, "\u03c3": 14.787732811980865}, "GIH WR": {"\u03bc": 63.246448087431716, "\u03c3": 11.366462794332953}, "IWD": {"\u03bc": 1.2384126984126982, "\u03c3": 17.812184808136365}}, "RG": {"OH WR": {"\u03bc": 59.339751552795036, "\u03c3": 17.09340172543106}, "GIH WR": {"\u03bc": 60.498275862069, "\u03c3": 16.088113960948064}, "IWD": {"\u03bc": 3.427637362637362, "\u03c3": 22.060466017322966}}, "all": {"OH WR": {"\u03bc": 58.28076923076923, "\u03c3": 6.6593265558549355}, "GIH WR": {"\u03bc": 60.75747126436786, "\u03c3": 5.3033488772952095}, "IWD": {"\u03bc": 2.8478160919540247, "\u03c3": 4.486913818393151}}}