{"WU": {"OH WR": {"\u03bc": 58.164233576642346, "\u03c3": 15.301995181327941}, "GIH WR": {"\u03bc": 61.75419354838707, "\u03c3": 13.922524051426128}, "IWD": {"\u03bc": 6.406493506493509, "\u03c3": 20.245187580559378}}, "WB": {"OH WR": {"\u03bc": 61.075641025641, "\u03c3": 13.979593056487145}, "GIH WR": {"\u03bc": 63.07636363636366, "\u03c3": 11.20862703948137}, "IWD": {"\u03bc": 3.373809523809522, "\u03c3": 20.4562781086628}}, "WR": {"OH WR": {"\u03bc": 61.06153846153843, "\u03c3": 14.220555018905676}, "GIH WR": {"\u03bc": 59.49172413793105, "\u03c3": 11.982818178963871}, "IWD": {"\u03bc": -2.7282894736842103, "\u03c3": 21.623088348006128}}, "WG": {"OH WR": {"\u03bc": 59.61607142857139, "\u03c3": 15.053971673208205}, "GIH WR": {"\u03bc": 61.461271676300576, "\u03c3": 12.310804155735482}, "IWD": {"\u03bc": 0.9180327868852464, "\u03c3": 16.512669501130635}}, "UB": {"OH WR": {"\u03bc": 59.38181818181818, "\u03c3": 14.889806448982279}, "GIH WR": {"\u03bc": 63.871111111111084, "\u03c3": 12.91279076854027}, "IWD": {"\u03bc": 7.1779005524861885, "\u03c3": 20.398121948300396}}, "UR": {"OH WR": {"\u03bc": 63.18502994011977, "\u03c3": 14.209925807905178}, "GIH WR": {"\u03bc": 61.62131147540987, "\u03c3": 12.899897675123867}, "IWD": {"\u03bc": 6.142857142857141, "\u03c3": 23.13585170605951}}, "UG": {"OH WR": {"\u03bc": 55.35541401273885, "\u03c3": 17.570985764952407}, "GIH WR": {"\u03bc": 57.40235294117649, "\u03c3": 14.390450072433358}, "IWD": {"\u03bc": 3.0988764044943826, "\u03c3": 26.258939598732713}}, "BR": {"OH WR": {"\u03bc": 62.91360946745561, "\u03c3": 15.464519172736475}, "GIH WR": {"\u03bc": 61.511864406779644, "\u03c3": 13.223917956812464}, "IWD": {"\u03bc": 0.708241758241758, "\u03c3": 18.29762754653353}}, "BG": {"OH WR": {"\u03bc": 60.37398843930632, "\u03c3": 15.938097910892864}, "GIH WR": {"\u03bc": 64.2, "\u03c3": 12.731722576954631}, "IWD": {"\u03bc": 2.6627659574468083, "\u03c3": 20.965896746670115}}, "RG": {"OH WR": {"\u03bc": 60.94370860927153, "\u03c3": 18.204262568151194}, "GIH WR": {"\u03bc": 61.76149068322984, "\u03c3": 14.624938550008611}, "IWD": {"\u03bc": 3.2668674698795193, "\u03c3": 21.78256843849265}}, "all": {"OH WR": {"\u03bc": 58.14923076923075, "\u03c3": 7.238903934817399}, "GIH WR": {"\u03bc": 60.6812260536398, "\u03c3": 5.379191498616201}, "IWD": {"\u03bc": 2.9584615384615374, "\u03c3": 4.540828196492264}}}