{"WU": {"OH WR": {"\u03bc": 52.60707070707072, "\u03c3": 16.41709661043062}, "GIH WR": {"\u03bc": 56.556481481481505, "\u03c3": 14.471138409927768}, "IWD": {"\u03bc": 5.913122171945698, "\u03c3": 22.41688842440299}}, "WB": {"OH WR": {"\u03bc": 56.21866028708135, "\u03c3": 13.334456791264051}, "GIH WR": {"\u03bc": 58.024880382775166, "\u03c3": 10.878135443508622}, "IWD": {"\u03bc": 3.3504464285714297, "\u03c3": 21.10995871487102}}, "WR": {"OH WR": {"\u03bc": 54.96593406593409, "\u03c3": 14.198055274511022}, "GIH WR": {"\u03bc": 54.943367346938736, "\u03c3": 12.807169025857855}, "IWD": {"\u03bc": -2.5064039408866994, "\u03c3": 20.013941160174824}}, "WG": {"OH WR": {"\u03bc": 52.706, "\u03c3": 12.137613603999759}, "GIH WR": {"\u03bc": 54.333644859813106, "\u03c3": 11.84601706734617}, "IWD": {"\u03bc": 0.8435779816513765, "\u03c3": 19.355727882901906}}, "UB": {"OH WR": {"\u03bc": 53.46747572815531, "\u03c3": 14.268532845053887}, "GIH WR": {"\u03bc": 59.02614678899079, "\u03c3": 12.555378423392893}, "IWD": {"\u03bc": 6.620000000000002, "\u03c3": 15.569637118443062}}, "UR": {"OH WR": {"\u03bc": 53.498543689320385, "\u03c3": 13.397853320861314}, "GIH WR": {"\u03bc": 56.70495495495495, "\u03c3": 13.127034299584786}, "IWD": {"\u03bc": 2.51288888888889, "\u03c3": 18.173669918896064}}, "UG": {"OH WR": {"\u03bc": 49.23779904306223, "\u03c3": 14.658549342960203}, "GIH WR": {"\u03bc": 53.046543778801826, "\u03c3": 12.174559844584682}, "IWD": {"\u03bc": 5.767889908256882, "\u03c3": 15.120663792610568}}, "BR": {"OH WR": {"\u03bc": 56.1889423076923, "\u03c3": 13.061736648160625}, "GIH WR": {"\u03bc": 57.88202764976961, "\u03c3": 12.230851658579063}, "IWD": {"\u03bc": 0.46711111111111125, "\u03c3": 19.98540096306103}}, "BG": {"OH WR": {"\u03bc": 53.56009389671363, "\u03c3": 15.193773557637373}, "GIH WR": {"\u03bc": 57.83258928571429, "\u03c3": 12.413380615110437}, "IWD": {"\u03bc": 3.1030172413793116, "\u03c3": 21.626070622085432}}, "RG": {"OH WR": {"\u03bc": 54.97005076142132, "\u03c3": 14.805375841380377}, "GIH WR": {"\u03bc": 55.872727272727296, "\u03c3": 13.541602483647994}, "IWD": {"\u03bc": 2.950697674418604, "\u03c3": 22.34915506392558}}, "all": {"OH WR": {"\u03bc": 53.73409961685824, "\u03c3": 6.406858906480438}, "GIH WR": {"\u03bc": 56.285440613026836, "\u03c3": 4.958411203611266}, "IWD": {"\u03bc": 2.9770114942528756, "\u03c3": 4.232424587486086}}}